代码,名称,所属行业
SH600000,浦发银行,银行
SH600004,白云机场,机场航运
SH600006,东风汽车,汽车整车
SH600007,中国国贸,房地产开发
SH600008,首创环保,环保
SH600009,上海机场,机场航运
SH600010,包钢股份,钢铁
SH600011,华能国际,电力
SH600012,皖通高速,公路铁路运输
SH600015,华夏银行,银行
SH600016,民生银行,银行
SH600017,日照港,港口航运
SH600018,上港集团,港口航运
SH600019,宝钢股份,钢铁
SH600020,中原高速,公路铁路运输
SH600021,上海电力,电力
SH600022,山东钢铁,钢铁
SH600023,浙能电力,电力
SH600025,华能水电,电力
SH600026,中远海能,港口航运
SH600027,华电国际,电力
SH600028,中国石化,石油加工贸易
SH600029,南方航空,机场航运
SH600030,中信证券,证券
SH600031,三一重工,专用设备
SH600032,浙江新能,电力
SH600033,福建高速,公路铁路运输
SH600035,楚天高速,公路铁路运输
SH600036,招商银行,银行
SH600037,歌华有线,传媒
SH600038,中直股份,国防军工
SH600039,四川路桥,建筑装饰
SH600048,保利发展,房地产开发
SH600050,中国联通,通信服务
SH600051,宁波联合,综合
SH600052,东望时代,传媒
SH600053,九鼎投资,保险及其他
SH600054,黄山旅游,景点及旅游
SH600055,万东医疗,医疗器械
SH600056,中国医药,医药商业
SH600057,厦门象屿,物流
SH600058,五矿发展,贸易
SH600059,古越龙山,饮料制造
SH600060,海信视像,黑色家电
SH600061,国投资本,保险及其他
SH600062,华润双鹤,化学制药
SH600063,皖维高新,化工合成材料
SH600064,南京高科,房地产开发
SH600066,宇通客车,汽车整车
SH600067,冠城大通,房地产开发
SH600070,浙江富润,综合
SH600071,凤凰光学,光学光电子
SH600072,中船科技,国防军工
SH600073,上海梅林,食品加工制造
SH600075,新疆天业,化学原料
SH600076,康欣新材,家用轻工
SH600077,宋都股份,房地产开发
SH600079,人福医药,化学制药
SH600080,金花股份,中药
SH600081,东风科技,汽车零部件
SH600082,海泰发展,房地产开发
SH600084,中葡股份,饮料制造
SH600085,同仁堂,中药
SH600088,中视传媒,传媒
SH600089,特变电工,电力设备
SH600094,大名城,房地产开发
SH600095,湘财股份,证券
SH600096,云天化,化学制品
SH600097,开创国际,养殖业
SH600098,广州发展,电力
SH600099,林海股份,非汽车交运
SH600100,同方股份,计算机设备
SH600101,明星电力,电力
SH600103,青山纸业,造纸
SH600104,上汽集团,汽车整车
SH600105,永鼎股份,通信设备
SH600106,重庆路桥,公路铁路运输
SH600107,美尔雅,服装家纺
SH600108,亚盛集团,种植业与林业
SH600109,国金证券,证券
SH600110,XD诺德股,工业金属
SH600111,北方稀土,小金属
SH600113,浙江东日,零售
SH600114,东睦股份,通用设备
SH600115,中国东航,机场航运
SH600116,三峡水利,电力
SH600117,西宁特钢,钢铁
SH600118,中国卫星,国防军工
SH600119,长江投资,物流
SH600120,浙江东方,保险及其他
SH600121,郑州煤电,煤炭开采加工
SH600123,兰花科创,煤炭开采加工
SH600125,铁龙物流,公路铁路运输
SH600126,杭钢股份,钢铁
SH600127,金健米业,农产品加工
SH600128,XD弘业股,贸易
SH600129,太极集团,中药
SH600130,波导股份,消费电子
SH600131,国网信通,计算机应用
SH600132,重庆啤酒,饮料制造
SH600133,东湖高新,建筑装饰
SH600135,乐凯胶片,化工合成材料
SH600137,浪莎股份,服装家纺
SH600138,中青旅,景点及旅游
SH600141,兴发集团,化学制品
SH600143,金发科技,化工合成材料
SH600148,长春一东,汽车零部件
SH600149,廊坊发展,电力
SH600150,中国船舶,国防军工
SH600151,航天机电,电力设备
SH600152,维科技术,电力设备
SH600153,建发股份,物流
SH600155,华创阳安,证券
SH600156,华升股份,纺织制造
SH600157,永泰能源,电力
SH600158,中体产业,其他社会服务
SH600159,大龙地产,房地产开发
SH600160,巨化股份,化学制品
SH600161,天坛生物,生物制品
SH600162,香江控股,房地产开发
SH600163,中闽能源,电力
SH600165,新日恒力,化学制品
SH600166,福田汽车,汽车整车
SH600167,联美控股,电力
SH600168,武汉控股,环保
SH600169,太原重工,专用设备
SH600170,上海建工,建筑装饰
SH600171,上海贝岭,半导体及元件
SH600172,黄河旋风,通用设备
SH600173,卧龙地产,房地产开发
SH600176,中国巨石,建筑材料
SH600177,雅戈尔,服装家纺
SH600178,东安动力,汽车零部件
SH600179,安通控股,港口航运
SH600180,瑞茂通,物流
SH600183,生益科技,半导体及元件
SH600184,光电股份,国防军工
SH600185,格力地产,房地产开发
SH600186,莲花健康,食品加工制造
SH600187,国中水务,环保
SH600188,兖矿能源,煤炭开采加工
SH600189,泉阳泉,饮料制造
SH600190,锦州港,港口航运
SH600192,长城电工,电力设备
SH600193,创兴资源,建筑装饰
SH600195,中牧股份,农业服务
SH600196,复星医药,化学制药
SH600197,伊力特,饮料制造
SH600198,大唐电信,半导体及元件
SH600199,金种子酒,饮料制造
SH600200,江苏吴中,化学制药
SH600201,生物股份,农业服务
SH600202,哈空调,电力设备
SH600203,福日电子,消费电子
SH600206,有研新材,半导体及元件
SH600207,安彩高科,电力设备
SH600208,新湖中宝,房地产开发
SH600210,紫江企业,包装印刷
SH600211,西藏药业,中药
SH600212,绿能慧充,综合
SH600213,亚星客车,汽车整车
SH600215,派斯林,自动化设备
SH600216,浙江医药,化学制药
SH600217,中再资环,环保
SH600218,全柴动力,汽车零部件
SH600219,南山铝业,工业金属
SH600220,江苏阳光,纺织制造
SH600222,XD太龙药,中药
SH600223,鲁商发展,房地产开发
SH600225,天津松江,计算机应用
SH600227,圣济堂,化学制药
SH600228,返利科技,传媒
SH600229,XD城市传,传媒
SH600230,沧州大化,化学制品
SH600231,凌钢股份,钢铁
SH600232,金鹰股份,专用设备
SH600233,圆通速递,物流
SH600234,科新发展,建筑装饰
SH600235,民丰特纸,造纸
SH600236,桂冠电力,电力
SH600237,铜峰电子,半导体及元件
SH600238,海南椰岛,饮料制造
SH600243,青海华鼎,通用设备
SH600246,万通发展,房地产开发
SH600248,陕西建工,建筑装饰
SH600249,两面针,美容护理
SH600250,南纺股份,贸易
SH600251,冠农股份,农产品加工
SH600252,中恒集团,中药
SH600255,鑫科材料,金属新材料
SH600256,广汇能源,油气开采及服务
SH600257,大湖股份,养殖业
SH600258,首旅酒店,酒店及餐饮
SH600259,广晟有色,小金属
SH600261,阳光照明,光学光电子
SH600262,北方股份,专用设备
SH600266,城建发展,房地产开发
SH600267,海正药业,化学制药
SH600268,国电南自,电力设备
SH600269,赣粤高速,公路铁路运输
SH600271,航天信息,计算机应用
SH600272,开开实业,医药商业
SH600273,嘉化能源,化学制品
SH600276,恒瑞医药,化学制药
SH600277,亿利洁能,化学原料
SH600278,东方创业,贸易
SH600279,重庆港,港口航运
SH600280,中央商场,零售
SH600281,华阳新材,小金属
SH600282,南钢股份,钢铁
SH600283,钱江水利,环保
SH600284,浦东建设,建筑装饰
SH600285,羚锐制药,中药
SH600287,江苏舜天,贸易
SH600288,大恒科技,其他电子
SH600292,远达环保,环保
SH600293,三峡新材,建筑材料
SH600295,鄂尔多斯,钢铁
SH600297,广汇汽车,汽车服务
SH600298,安琪酵母,食品加工制造
SH600299,安迪苏,化学制品
SH600300,维维股份,饮料制造
SH600301,南化股份,建筑装饰
SH600302,标准股份,专用设备
SH600305,恒顺醋业,食品加工制造
SH600307,酒钢宏兴,钢铁
SH600308,华泰股份,造纸
SH600309,万华化学,化学制品
SH600310,桂东电力,电力
SH600312,平高电气,电力设备
SH600313,农发种业,种植业与林业
SH600315,上海家化,美容护理
SH600316,洪都航空,国防军工
SH600318,新力金融,保险及其他
SH600319,亚星化学,化学原料
SH600320,振华重工,专用设备
SH600321,正源股份,建筑材料
SH600322,天房发展,房地产开发
SH600323,瀚蓝环境,环保
SH600325,华发股份,房地产开发
SH600326,西藏天路,建筑材料
SH600327,大东方,零售
SH600328,中盐化工,化学原料
SH600329,达仁堂,中药
SH600330,天通股份,专用设备
SH600331,宏达股份,工业金属
SH600332,白云山,中药
SH600333,长春燃气,燃气
SH600335,国机汽车,汽车服务
SH600336,澳柯玛,白色家电
SH600337,美克家居,家用轻工
SH600338,西藏珠峰,工业金属
SH600339,中油工程,油气开采及服务
SH600340,华夏幸福,房地产开发
SH600343,航天动力,国防军工
SH600345,长江通信,通信设备
SH600346,恒力石化,石油加工贸易
SH600348,华阳股份,煤炭开采加工
SH600350,山东高速,公路铁路运输
SH600351,亚宝药业,中药
SH600352,浙江龙盛,化学制品
SH600353,旭光电子,其他电子
SH600354,敦煌种业,种植业与林业
SH600355,精伦电子,通信设备
SH600356,恒丰纸业,造纸
SH600358,国旅联合,传媒
SH600359,新农开发,种植业与林业
SH600360,华微电子,半导体及元件
SH600361,华联综超,零售
SH600362,江西铜业,工业金属
SH600363,联创光电,光学光电子
SH600366,宁波韵升,金属新材料
SH600367,红星发展,化学原料
SH600368,五洲交通,公路铁路运输
SH600369,西南证券,证券
SH600370,三房巷,化学制品
SH600371,万向德农,种植业与林业
SH600372,中航电子,国防军工
SH600373,中文传媒,传媒
SH600375,汉马科技,汽车整车
SH600376,首开股份,房地产开发
SH600377,宁沪高速,公路铁路运输
SH600378,昊华科技,化学制品
SH600379,宝光股份,电力设备
SH600380,健康元,化学制药
SH600381,青海春天,食品加工制造
SH600383,金地集团,房地产开发
SH600386,北巴传媒,汽车服务
SH600389,江山股份,化学制品
SH600390,五矿资本,保险及其他
SH600391,航发科技,国防军工
SH600392,盛和资源,小金属
SH600393,粤泰股份,房地产开发
SH600395,盘江股份,煤炭开采加工
SH600396,金山股份,电力
SH600397,安源煤业,煤炭开采加工
SH600398,海澜之家,服装家纺
SH600399,抚顺特钢,钢铁
SH600400,红豆股份,服装家纺
SH600403,大有能源,煤炭开采加工
SH600405,动力源,电力设备
SH600406,国电南瑞,电力设备
SH600408,安泰集团,煤炭开采加工
SH600409,三友化工,化学原料
SH600410,华胜天成,计算机应用
SH600415,小商品城,零售
SH600416,湘电股份,电力设备
SH600418,江淮汽车,汽车整车
SH600419,XD天润乳,食品加工制造
SH600420,国药现代,化学制药
SH600421,华嵘控股,通用设备
SH600422,昆药集团,中药
SH600423,柳化股份,化学原料
SH600425,青松建化,建筑材料
SH600426,华鲁恒升,化学原料
SH600428,中远海特,港口航运
SH600429,三元股份,食品加工制造
SH600433,冠豪高新,造纸
SH600435,北方导航,国防军工
SH600436,片仔癀,中药
SH600438,通威股份,电力设备
SH600439,瑞贝卡,家用轻工
SH600444,国机通用,专用设备
SH600446,金证股份,计算机应用
SH600448,华纺股份,纺织制造
SH600449,宁夏建材,建筑材料
SH600452,涪陵电力,电力
SH600455,博通股份,教育
SH600456,宝钛股份,小金属
SH600458,时代新材,电力设备
SH600459,贵研铂业,小金属
SH600460,士兰微,半导体及元件
SH600461,洪城环境,环保
SH600463,空港股份,房地产开发
SH600466,蓝光发展,房地产开发
SH600467,好当家,养殖业
SH600468,百利电气,电力设备
SH600469,风神股份,汽车零部件
SH600470,六国化工,化学制品
SH600475,华光环能,环保
SH600476,湘邮科技,计算机应用
SH600477,XD杭萧钢,建筑装饰
SH600478,科力远,电力设备
SH600479,千金药业,中药
SH600480,凌云股份,汽车零部件
SH600481,双良节能,通用设备
SH600482,中国动力,国防军工
SH600483,XD福能股,电力
SH600486,扬农化工,化学制品
SH600487,XD亨通光,通信设备
SH600488,天药股份,化学制药
SH600489,XD中金黄,贵金属
SH600490,鹏欣资源,工业金属
SH600491,龙元建设,建筑装饰
SH600493,凤竹纺织,纺织制造
SH600495,晋西车轴,非汽车交运
SH600496,精工钢构,建筑装饰
SH600497,XD驰宏锌,工业金属
SH600498,烽火通信,通信设备
SH600499,科达制造,专用设备
SH600500,XD中化国,化学制品
SH600501,航天晨光,专用设备
SH600502,安徽建工,建筑装饰
SH600503,华丽家族,房地产开发
SH600505,西昌电力,电力
SH600506,香梨股份,石油加工贸易
SH600507,方大特钢,钢铁
SH600508,上海能源,煤炭开采加工
SH600509,天富能源,电力
SH600510,XD黑牡丹,房地产开发
SH600511,国药股份,医药商业
SH600512,腾达建设,建筑装饰
SH600513,联环药业,化学制药
SH600516,方大炭素,钢铁
SH600517,国网英大,保险及其他
SH600519,贵州茅台,饮料制造
SH600520,文一科技,专用设备
SH600521,华海药业,化学制药
SH600522,中天科技,通信设备
SH600523,贵航股份,汽车零部件
SH600525,长园集团,电力设备
SH600526,菲达环保,环保
SH600527,江南高纤,纺织制造
SH600528,中铁工业,非汽车交运
SH600529,XD山东药,医疗器械
SH600530,交大昂立,食品加工制造
SH600531,豫光金铅,工业金属
SH600533,栖霞建设,房地产开发
SH600535,天士力,中药
SH600536,中国软件,计算机应用
SH600537,亿晶光电,电力设备
SH600538,国发股份,医疗器械
SH600539,狮头股份,互联网电商
SH600540,新赛股份,种植业与林业
SH600543,莫高股份,饮料制造
SH600545,卓郎智能,专用设备
SH600546,山煤国际,煤炭开采加工
SH600547,XD山东黄,贵金属
SH600548,深高速,公路铁路运输
SH600549,厦门钨业,小金属
SH600550,保变电气,电力设备
SH600551,时代出版,传媒
SH600552,凯盛科技,光学光电子
SH600556,天下秀,传媒
SH600557,康缘药业,中药
SH600558,大西洋,通用设备
SH600559,老白干酒,饮料制造
SH600560,金自天正,专用设备
SH600561,江西长运,公路铁路运输
SH600562,国睿科技,国防军工
SH600563,法拉电子,半导体及元件
SH600565,迪马股份,房地产开发
SH600566,济川药业,中药
SH600567,山鹰国际,造纸
SH600569,安阳钢铁,钢铁
SH600570,恒生电子,计算机应用
SH600571,信雅达,计算机应用
SH600572,康恩贝,中药
SH600573,惠泉啤酒,饮料制造
SH600575,淮河能源,公路铁路运输
SH600576,祥源文化,传媒
SH600577,精达股份,电力设备
SH600578,京能电力,电力
SH600579,克劳斯,专用设备
SH600580,卧龙电驱,电力设备
SH600581,八一钢铁,钢铁
SH600582,天地科技,专用设备
SH600583,海油工程,油气开采及服务
SH600584,长电科技,半导体及元件
SH600585,海螺水泥,建筑材料
SH600586,金晶科技,建筑材料
SH600587,新华医疗,医疗器械
SH600588,用友网络,计算机应用
SH600590,泰豪科技,电力设备
SH600592,龙溪股份,通用设备
SH600593,大连圣亚,景点及旅游
SH600594,益佰制药,中药
SH600595,中孚实业,工业金属
SH600596,新安股份,化学制品
SH600597,光明乳业,食品加工制造
SH600598,北大荒,种植业与林业
SH600600,青岛啤酒,饮料制造
SH600602,云赛智联,计算机应用
SH600603,广汇物流,房地产开发
SH600604,市北高新,房地产开发
SH600605,汇通能源,零售
SH600606,绿地控股,房地产开发
SH600609,金杯汽车,汽车零部件
SH600610,中毅达,化学原料
SH600611,大众交通,公路铁路运输
SH600612,老凤祥,家用轻工
SH600613,神奇制药,化学制药
SH600616,金枫酒业,饮料制造
SH600617,国新能源,燃气
SH600618,氯碱化工,化学原料
SH600619,海立股份,白色家电
SH600620,天宸股份,综合
SH600621,华鑫股份,证券
SH600622,光大嘉宝,房地产开发
SH600623,华谊集团,化学原料
SH600624,复旦复华,化学制药
SH600626,申达股份,汽车零部件
SH600628,新世界,零售
SH600629,华建集团,建筑装饰
SH600630,龙头股份,服装家纺
SH600633,浙数文化,传媒
SH600635,大众公用,燃气
SH600636,国新文化,教育
SH600637,东方明珠,传媒
SH600638,新黄浦,房地产开发
SH600639,浦东金桥,房地产开发
SH600640,新国脉,传媒
SH600641,万业企业,房地产开发
SH600642,XD申能股,电力
SH600643,爱建集团,保险及其他
SH600644,乐山电力,电力
SH600645,中源协和,医疗器械
SH600647,同达创业,贸易
SH600648,外高桥,房地产开发
SH600649,城投控股,房地产开发
SH600650,锦江在线,公路铁路运输
SH600651,飞乐音响,光学光电子
SH600653,申华控股,汽车服务
SH600655,豫园股份,零售
SH600657,XD信达地,房地产开发
SH600658,电子城,房地产开发
SH600660,福耀玻璃,汽车零部件
SH600661,昂立教育,教育
SH600662,外服控股,专业服务
SH600663,陆家嘴,房地产开发
SH600664,哈药股份,化学制药
SH600665,天地源,房地产开发
SH600667,太极实业,半导体及元件
SH600668,尖峰集团,建筑材料
SH600673,东阳光,工业金属
SH600674,川投能源,电力
SH600675,中华企业,房地产开发
SH600676,交运股份,综合
SH600678,四川金顶,建筑材料
SH600679,上海凤凰,非汽车交运
SH600681,百川能源,燃气
SH600682,南京新百,生物制品
SH600683,京投发展,房地产开发
SH600684,珠江股份,房地产开发
SH600685,中船防务,国防军工
SH600686,金龙汽车,汽车整车
SH600688,上海石化,石油加工贸易
SH600689,上海三毛,纺织制造
SH600690,海尔智家,白色家电
SH600691,阳煤化工,化学制品
SH600692,亚通股份,房地产开发
SH600693,东百集团,零售
SH600694,大商股份,零售
SH600696,岩石股份,饮料制造
SH600697,欧亚集团,零售
SH600698,湖南天雁,汽车零部件
SH600699,均胜电子,汽车零部件
SH600702,舍得酒业,饮料制造
SH600703,三安光电,光学光电子
SH600704,XD物产中,物流
SH600705,中航产融,保险及其他
SH600706,曲江文旅,景点及旅游
SH600707,彩虹股份,光学光电子
SH600708,光明地产,房地产开发
SH600710,苏美达,贸易
SH600711,盛屯矿业,小金属
SH600712,南宁百货,零售
SH600713,南京医药,医药商业
SH600714,金瑞矿业,化学原料
SH600715,文投控股,传媒
SH600716,凤凰股份,房地产开发
SH600717,天津港,港口航运
SH600718,东软集团,计算机应用
SH600720,祁连山,建筑材料
SH600721,百花医药,医疗服务
SH600722,金牛化工,化学原料
SH600724,宁波富达,建筑材料
SH600725,云维股份,贸易
SH600727,鲁北化工,化学制品
SH600728,佳都科技,计算机应用
SH600729,重庆百货,零售
SH600730,中国高科,教育
SH600731,湖南海利,化学制品
SH600732,爱旭股份,电力设备
SH600733,北汽蓝谷,汽车整车
SH600735,新华锦,家用轻工
SH600736,XD苏州高,房地产开发
SH600737,中粮糖业,农产品加工
SH600738,丽尚国潮,零售
SH600739,辽宁成大,生物制品
SH600740,山西焦化,煤炭开采加工
SH600741,华域汽车,汽车零部件
SH600742,一汽富维,汽车零部件
SH600743,华远地产,房地产开发
SH600744,华银电力,电力
SH600745,闻泰科技,消费电子
SH600746,江苏索普,化学原料
SH600748,上实发展,房地产开发
SH600749,西藏旅游,景点及旅游
SH600750,江中药业,中药
SH600751,海航科技,其他电子
SH600753,东方银星,物流
SH600754,XD锦江酒,酒店及餐饮
SH600755,厦门国贸,物流
SH600756,浪潮软件,计算机应用
SH600757,长江传媒,传媒
SH600758,辽宁能源,煤炭开采加工
SH600760,中航沈飞,国防军工
SH600761,安徽合力,专用设备
SH600763,通策医疗,医疗服务
SH600764,中国海防,国防军工
SH600765,中航重机,国防军工
SH600768,宁波富邦,工业金属
SH600769,祥龙电业,环保
SH600770,综艺股份,综合
SH600771,广誉远,中药
SH600773,西藏城投,房地产开发
SH600774,汉商集团,化学制药
SH600775,南京熊猫,通信设备
SH600776,东方通信,通信设备
SH600777,新潮能源,油气开采及服务
SH600778,友好集团,零售
SH600779,水井坊,饮料制造
SH600780,通宝能源,电力
SH600782,新钢股份,钢铁
SH600783,鲁信创投,保险及其他
SH600784,鲁银投资,综合
SH600785,新华百货,零售
SH600787,中储股份,物流
SH600789,鲁抗医药,化学制药
SH600790,轻纺城,零售
SH600791,京能置业,房地产开发
SH600792,云煤能源,煤炭开采加工
SH600793,宜宾纸业,造纸
SH600794,保税科技,物流
SH600795,国电电力,电力
SH600796,钱江生化,环保
SH600797,浙大网新,计算机应用
SH600798,宁波海运,港口航运
SH600800,渤海化学,石油加工贸易
SH600801,华新水泥,建筑材料
SH600802,福建水泥,建筑材料
SH600803,新奥股份,燃气
SH600805,悦达投资,综合
SH600807,济南高新,贵金属
SH600808,马钢股份,钢铁
SH600809,山西汾酒,饮料制造
SH600810,神马股份,化工合成材料
SH600811,东方集团,农产品加工
SH600812,华北制药,化学制药
SH600814,杭州解百,零售
SH600815,厦工股份,专用设备
SH600817,宇通重工,专用设备
SH600818,中路股份,非汽车交运
SH600819,耀皮玻璃,建筑材料
SH600820,隧道股份,建筑装饰
SH600821,金开新能,电力
SH600822,上海物贸,汽车服务
SH600823,世茂股份,房地产开发
SH600824,益民集团,零售
SH600825,新华传媒,传媒
SH600826,兰生股份,专业服务
SH600827,百联股份,零售
SH600828,茂业商业,零售
SH600829,人民同泰,医药商业
SH600830,香溢融通,保险及其他
SH600831,广电网络,传媒
SH600833,第一医药,医药商业
SH600834,申通地铁,公路铁路运输
SH600835,上海机电,专用设备
SH600836,上海易连,包装印刷
SH600837,海通证券,证券
SH600838,上海九百,零售
SH600839,四川长虹,黑色家电
SH600841,动力新科,汽车零部件
SH600843,上工申贝,专用设备
SH600844,丹化科技,化学原料
SH600845,宝信软件,计算机应用
SH600846,同济科技,房地产开发
SH600847,万里股份,电力设备
SH600848,上海临港,房地产开发
SH600850,电科数字,计算机应用
SH600851,海欣股份,化学制药
SH600853,龙建股份,建筑装饰
SH600854,春兰股份,白色家电
SH600855,航天长峰,计算机设备
SH600857,宁波中百,零售
SH600858,银座股份,零售
SH600859,XD王府井,零售
SH600860,京城股份,通用设备
SH600861,北京城乡,零售
SH600862,中航高科,国防军工
SH600863,内蒙华电,电力
SH600864,哈投股份,证券
SH600865,百大集团,零售
SH600866,星湖科技,化学制品
SH600867,通化东宝,生物制品
SH600868,梅雁吉祥,计算机应用
SH600869,远东股份,电力设备
SH600871,石化油服,油气开采及服务
SH600872,中炬高新,食品加工制造
SH600873,梅花生物,化学制品
SH600874,创业环保,环保
SH600875,东方电气,电力设备
SH600876,洛阳玻璃,电力设备
SH600877,声光电科,半导体及元件
SH600879,航天电子,国防军工
SH600880,博瑞传播,教育
SH600881,亚泰集团,综合
SH600882,妙可蓝多,食品加工制造
SH600883,博闻科技,建筑材料
SH600884,杉杉股份,电力设备
SH600885,宏发股份,电力设备
SH600886,国投电力,电力
SH600887,伊利股份,食品加工制造
SH600888,新疆众和,工业金属
SH600889,南京化纤,化工合成材料
SH600892,大晟文化,传媒
SH600893,航发动力,国防军工
SH600894,广日股份,专用设备
SH600895,张江高科,房地产开发
SH600897,厦门空港,机场航运
SH600898,国美通讯,消费电子
SH600900,长江电力,电力
SH600901,江苏租赁,保险及其他
SH600903,贵州燃气,燃气
SH600905,三峡能源,电力
SH600906,财达证券,证券
SH600908,无锡银行,银行
SH600909,华安证券,证券
SH600916,中国黄金,家用轻工
SH600917,重庆燃气,燃气
SH600918,中泰证券,证券
SH600919,江苏银行,银行
SH600926,杭州银行,银行
SH600927,永安期货,保险及其他
SH600928,西安银行,银行
SH600929,雪天盐业,化学原料
SH600933,爱柯迪,汽车零部件
SH600935,华塑股份,化学原料
SH600936,广西广电,传媒
SH600938,中国海油,油气开采及服务
SH600939,重庆建工,建筑装饰
SH600941,中国移动,通信服务
SH600955,维远股份,化学原料
SH600956,新天绿能,电力
SH600958,东方证券,证券
SH600959,江苏有线,传媒
SH600960,渤海汽车,汽车零部件
SH600961,株冶集团,工业金属
SH600962,国投中鲁,饮料制造
SH600963,岳阳林纸,造纸
SH600965,福成股份,养殖业
SH600966,博汇纸业,造纸
SH600967,内蒙一机,国防军工
SH600968,海油发展,油气开采及服务
SH600969,郴电国际,电力
SH600970,中材国际,建筑装饰
SH600971,恒源煤电,煤炭开采加工
SH600973,宝胜股份,电力设备
SH600975,新五丰,养殖业
SH600976,健民集团,中药
SH600977,中国电影,传媒
SH600979,广安爱众,电力
SH600980,北矿科技,专用设备
SH600981,XD汇鸿集,贸易
SH600982,宁波能源,电力
SH600983,惠而浦,白色家电
SH600984,建设机械,专用设备
SH600985,淮北矿业,煤炭开采加工
SH600986,浙文互联,传媒
SH600987,航民股份,纺织制造
SH600988,赤峰黄金,贵金属
SH600989,宝丰能源,化学原料
SH600990,四创电子,国防军工
SH600992,贵绳股份,通用设备
SH600993,马应龙,中药
SH600995,文山电力,电力
SH600996,贵广网络,传媒
SH600997,开滦股份,煤炭开采加工
SH600998,九州通,医药商业
SH600999,招商证券,证券
SH601000,唐山港,港口航运
SH601001,晋控煤业,煤炭开采加工
SH601002,晋亿实业,通用设备
SH601003,柳钢股份,钢铁
SH601005,重庆钢铁,钢铁
SH601006,大秦铁路,公路铁路运输
SH601007,金陵饭店,酒店及餐饮
SH601008,连云港,港口航运
SH601009,南京银行,银行
SH601010,文峰股份,零售
SH601011,宝泰隆,煤炭开采加工
SH601012,隆基绿能,电力设备
SH601015,陕西黑猫,煤炭开采加工
SH601016,节能风电,电力
SH601018,宁波港,港口航运
SH601019,山东出版,传媒
SH601020,华钰矿业,工业金属
SH601021,春秋航空,机场航运
SH601028,玉龙股份,贸易
SH601038,一拖股份,专用设备
SH601058,赛轮轮胎,汽车零部件
SH601066,中信建投,证券
SH601068,中铝国际,建筑装饰
SH601069,西部黄金,贵金属
SH601077,渝农商行,银行
SH601086,国芳集团,零售
SH601088,中国神华,煤炭开采加工
SH601089,福元医药,化学制药
SH601098,中南传媒,传媒
SH601099,太平洋,证券
SH601100,恒立液压,专用设备
SH601101,昊华能源,煤炭开采加工
SH601106,中国一重,专用设备
SH601107,四川成渝,公路铁路运输
SH601108,财通证券,证券
SH601111,中国国航,机场航运
SH601113,华鼎股份,互联网电商
SH601116,三江购物,零售
SH601117,中国化学,建筑装饰
SH601118,海南橡胶,种植业与林业
SH601126,四方股份,电力设备
SH601127,小康股份,汽车整车
SH601128,常熟银行,银行
SH601137,博威合金,金属新材料
SH601138,工业富联,消费电子
SH601139,深圳燃气,燃气
SH601155,新城控股,房地产开发
SH601156,东航物流,物流
SH601158,重庆水务,环保
SH601162,天风证券,证券
SH601163,三角轮胎,汽车零部件
SH601166,兴业银行,银行
SH601168,西部矿业,工业金属
SH601169,北京银行,银行
SH601177,杭齿前进,通用设备
SH601179,中国西电,电力设备
SH601186,中国铁建,建筑装饰
SH601187,厦门银行,银行
SH601188,龙江交通,公路铁路运输
SH601198,东兴证券,证券
SH601199,江南水务,环保
SH601200,上海环境,环保
SH601208,东材科技,化工合成材料
SH601211,国泰君安,证券
SH601212,白银有色,工业金属
SH601216,君正集团,化学原料
SH601218,吉鑫科技,电力设备
SH601222,林洋能源,电力
SH601225,XD陕西煤,煤炭开采加工
SH601226,华电重工,建筑装饰
SH601228,广州港,港口航运
SH601229,XD上海银,银行
SH601231,环旭电子,消费电子
SH601233,桐昆股份,化工合成材料
SH601236,红塔证券,证券
SH601238,广汽集团,汽车整车
SH601258,庞大集团,汽车服务
SH601279,英利汽车,汽车零部件
SH601288,农业银行,银行
SH601298,青岛港,港口航运
SH601311,骆驼股份,电力设备
SH601318,中国平安,保险
SH601319,中国人保,保险
SH601326,秦港股份,港口航运
SH601328,交通银行,银行
SH601330,绿色动力,环保
SH601333,广深铁路,公路铁路运输
SH601336,新华保险,保险
SH601339,百隆东方,纺织制造
SH601360,三六零,计算机应用
SH601366,利群股份,零售
SH601368,绿城水务,环保
SH601369,陕鼓动力,通用设备
SH601375,中原证券,证券
SH601377,兴业证券,证券
SH601388,怡球资源,工业金属
SH601390,中国中铁,建筑装饰
SH601398,工商银行,银行
SH601399,国机重装,专用设备
SH601456,国联证券,证券
SH601500,通用股份,汽车零部件
SH601512,中新集团,房地产开发
SH601515,东风股份,包装印刷
SH601518,吉林高速,公路铁路运输
SH601519,大智慧,计算机应用
SH601528,瑞丰银行,银行
SH601555,东吴证券,证券
SH601566,九牧王,服装家纺
SH601567,三星医疗,电力设备
SH601568,北元集团,化学原料
SH601577,长沙银行,银行
SH601579,会稽山,饮料制造
SH601588,北辰实业,房地产开发
SH601595,上海电影,传媒
SH601598,中国外运,物流
SH601599,浙文影业,纺织制造
SH601600,中国铝业,工业金属
SH601601,中国太保,保险
SH601606,长城军工,国防军工
SH601607,上海医药,医药商业
SH601608,中信重工,专用设备
SH601609,金田股份,工业金属
SH601611,中国核建,建筑装饰
SH601615,明阳智能,电力设备
SH601616,广电电气,电力设备
SH601618,中国中冶,建筑装饰
SH601619,嘉泽新能,电力
SH601628,中国人寿,保险
SH601633,长城汽车,汽车整车
SH601636,旗滨集团,建筑材料
SH601658,邮储银行,银行
SH601665,齐鲁银行,银行
SH601666,平煤股份,煤炭开采加工
SH601668,中国建筑,建筑装饰
SH601669,中国电建,建筑装饰
SH601677,明泰铝业,工业金属
SH601678,滨化股份,化学原料
SH601686,友发集团,钢铁
SH601688,华泰证券,证券
SH601689,拓普集团,汽车零部件
SH601696,中银证券,证券
SH601698,中国卫通,国防军工
SH601699,潞安环能,煤炭开采加工
SH601700,风范股份,电力设备
SH601702,华峰铝业,工业金属
SH601717,郑煤机,专用设备
SH601718,际华集团,服装家纺
SH601727,上海电气,电力设备
SH601728,中国电信,通信服务
SH601766,中国中车,非汽车交运
SH601777,力帆科技,非汽车交运
SH601778,晶科科技,电力
SH601788,光大证券,证券
SH601789,宁波建工,建筑装饰
SH601798,蓝科高新,专用设备
SH601799,星宇股份,汽车零部件
SH601800,中国交建,建筑装饰
SH601801,皖新传媒,传媒
SH601808,中海油服,油气开采及服务
SH601811,新华文轩,传媒
SH601816,京沪高铁,公路铁路运输
SH601818,光大银行,银行
SH601825,沪农商行,银行
SH601827,三峰环境,环保
SH601828,美凯龙,零售
SH601838,成都银行,银行
SH601857,中国石油,石油加工贸易
SH601858,中国科传,传媒
SH601860,紫金银行,银行
SH601865,福莱特,电力设备
SH601866,中远海发,港口航运
SH601868,中国能建,建筑装饰
SH601869,长飞光纤,通信设备
SH601872,招商轮船,港口航运
SH601877,正泰电器,电力设备
SH601878,浙商证券,证券
SH601880,辽港股份,港口航运
SH601881,中国银河,证券
SH601882,海天精工,通用设备
SH601886,江河集团,建筑装饰
SH601888,中国中免,零售
SH601890,亚星锚链,国防军工
SH601898,中煤能源,煤炭开采加工
SH601899,紫金矿业,工业金属
SH601900,南方传媒,传媒
SH601901,方正证券,证券
SH601908,京运通,电力
SH601916,浙商银行,银行
SH601918,新集能源,煤炭开采加工
SH601919,中远海控,港口航运
SH601921,浙版传媒,传媒
SH601928,凤凰传媒,传媒
SH601929,吉视传媒,传媒
SH601933,永辉超市,零售
SH601939,XD建设银,银行
SH601949,中国出版,传媒
SH601952,苏垦农发,种植业与林业
SH601956,东贝集团,白色家电
SH601958,金钼股份,小金属
SH601963,重庆银行,银行
SH601965,中国汽研,汽车服务
SH601966,玲珑轮胎,汽车零部件
SH601968,宝钢包装,包装印刷
SH601969,海南矿业,钢铁
SH601975,招商南油,港口航运
SH601985,中国核电,电力
SH601988,中国银行,银行
SH601989,中国重工,国防军工
SH601990,南京证券,证券
SH601991,大唐发电,电力
SH601992,金隅集团,建筑材料
SH601995,中金公司,证券
SH601996,丰林集团,家用轻工
SH601997,贵阳银行,银行
SH601998,中信银行,银行
SH601999,出版传媒,传媒
SH603000,人民网,传媒
SH603001,奥康国际,服装家纺
SH603002,宏昌电子,电子化学品
SH603003,龙宇燃油,计算机应用
SH603005,晶方科技,半导体及元件
SH603006,联明股份,汽车零部件
SH603008,喜临门,家用轻工
SH603009,北特科技,汽车零部件
SH603010,万盛股份,化工合成材料
SH603011,合锻智能,专用设备
SH603012,创力集团,专用设备
SH603013,亚普股份,汽车零部件
SH603015,弘讯科技,自动化设备
SH603016,新宏泰,电力设备
SH603017,中衡设计,建筑装饰
SH603018,华设集团,建筑装饰
SH603019,中科曙光,计算机设备
SH603020,爱普股份,化学制品
SH603021,山东华鹏,家用轻工
SH603022,新通联,包装印刷
SH603023,威帝股份,汽车零部件
SH603025,大豪科技,自动化设备
SH603026,石大胜华,电力设备
SH603027,千禾味业,食品加工制造
SH603028,XD赛福天,通用设备
SH603029,天鹅股份,专用设备
SH603030,全筑股份,建筑装饰
SH603031,安孚科技,电力设备
SH603032,德新交运,电力设备
SH603033,三维股份,化工合成材料
SH603035,常熟汽饰,汽车零部件
SH603036,如通股份,专用设备
SH603037,凯众股份,汽车零部件
SH603038,华立股份,建筑材料
SH603040,新坐标,汽车零部件
SH603041,美思德,化学制品
SH603042,华脉科技,通信设备
SH603043,广州酒家,食品加工制造
SH603045,福达合金,金属新材料
SH603048,浙江黎明,汽车零部件
SH603050,科林电气,电力设备
SH603051,鹿山新材,化学制品
SH603053,成都燃气,燃气
SH603055,台华新材,纺织制造
SH603056,德邦股份,物流
SH603058,永吉股份,包装印刷
SH603059,倍加洁,美容护理
SH603060,国检集团,专业服务
SH603063,禾望电气,电力设备
SH603066,音飞储存,物流
SH603067,振华股份,化学原料
SH603068,博通集成,半导体及元件
SH603069,海汽集团,公路铁路运输
SH603070,万控智造,电力设备
SH603071,物产环能,电力
SH603076,乐惠国际,专用设备
SH603077,和邦生物,化学原料
SH603078,江化微,电子化学品
SH603079,圣达生物,化学制品
SH603080,新疆火炬,燃气
SH603081,大丰实业,专用设备
SH603083,剑桥科技,通信设备
SH603085,天成自控,汽车零部件
SH603086,先达股份,化学制品
SH603087,甘李药业,生物制品
SH603088,宁波精达,通用设备
SH603089,正裕工业,汽车零部件
SH603090,宏盛股份,通用设备
SH603093,南华期货,保险及其他
SH603095,越剑智能,专用设备
SH603096,新经典,传媒
SH603097,江苏华辰,电力设备
SH603098,森特股份,建筑装饰
SH603099,长白山,景点及旅游
SH603100,川仪股份,仪器仪表
SH603101,汇嘉时代,零售
SH603102,百合股份,食品加工制造
SH603103,横店影视,传媒
SH603105,芯能科技,电力
SH603106,恒银科技,计算机设备
SH603108,润达医疗,医疗服务
SH603109,神驰机电,汽车零部件
SH603110,东方材料,化学制品
SH603111,康尼机电,非汽车交运
SH603112,华翔股份,白色家电
SH603113,XD金能科,煤炭开采加工
SH603115,海星股份,工业金属
SH603116,红蜻蜓,服装家纺
SH603118,共进股份,通信设备
SH603121,华培动力,汽车零部件
SH603122,合富中国,医药商业
SH603123,翠微股份,保险及其他
SH603126,中材节能,环保
SH603127,昭衍新药,医疗服务
SH603128,华贸物流,物流
SH603129,春风动力,非汽车交运
SH603131,上海沪工,通用设备
SH603132,金徽股份,工业金属
SH603133,碳元科技,消费电子
SH603136,天目湖,景点及旅游
SH603138,海量数据,计算机应用
SH603139,康惠制药,中药
SH603150,万朗磁塑,白色家电
SH603155,新亚强,化学制品
SH603156,养元饮品,饮料制造
SH603158,腾龙股份,汽车零部件
SH603159,上海亚虹,专用设备
SH603160,汇顶科技,半导体及元件
SH603161,科华控股,汽车零部件
SH603165,荣晟环保,造纸
SH603166,福达股份,汽车零部件
SH603167,渤海轮渡,港口航运
SH603168,莎普爱思,化学制药
SH603169,兰石重装,专用设备
SH603170,宝立食品,食品加工制造
SH603171,税友股份,计算机应用
SH603176,汇通集团,建筑装饰
SH603177,德创环保,环保
SH603178,圣龙股份,汽车零部件
SH603179,新泉股份,汽车零部件
SH603180,金牌厨柜,家用轻工
SH603181,皇马科技,化学制品
SH603183,建研院,专业服务
SH603185,上机数控,电力设备
SH603186,华正新材,半导体及元件
SH603187,海容冷链,通用设备
SH603188,亚邦股份,化学制品
SH603189,网达软件,计算机应用
SH603191,望变电气,电力设备
SH603192,汇得科技,化学制品
SH603195,公牛集团,家用轻工
SH603196,日播时尚,服装家纺
SH603197,保隆科技,汽车零部件
SH603198,迎驾贡酒,饮料制造
SH603199,九华旅游,景点及旅游
SH603200,上海洗霸,环保
SH603203,快克股份,自动化设备
SH603206,嘉环科技,通信服务
SH603208,江山欧派,家用轻工
SH603209,XD兴通股,港口航运
SH603211,晋拓股份,汽车零部件
SH603212,赛伍技术,电力设备
SH603213,镇洋发展,化学原料
SH603214,爱婴室,零售
SH603215,比依股份,小家电
SH603216,梦天家居,家用轻工
SH603217,元利科技,化学制品
SH603218,日月股份,电力设备
SH603219,富佳股份,小家电
SH603220,中贝通信,通信服务
SH603221,爱丽家居,家用轻工
SH603222,济民医疗,医疗器械
SH603223,恒通股份,物流
SH603225,新凤鸣,化工合成材料
SH603226,菲林格尔,家用轻工
SH603227,雪峰科技,化学制品
SH603228,景旺电子,半导体及元件
SH603229,奥翔药业,化学制药
SH603230,内蒙新华,传媒
SH603232,格尔软件,计算机应用
SH603233,大参林,医药商业
SH603235,天新药业,化学制药
SH603236,移远通信,通信设备
SH603238,诺邦股份,美容护理
SH603239,浙江仙通,汽车零部件
SH603256,宏和科技,建筑材料
SH603258,电魂网络,传媒
SH603259,药明康德,医疗服务
SH603260,合盛硅业,化学制品
SH603261,立航科技,国防军工
SH603266,天龙股份,汽车零部件
SH603267,鸿远电子,国防军工
SH603268,松发股份,家用轻工
SH603269,海鸥股份,通用设备
SH603272,联翔股份,家用轻工
SH603277,银都股份,通用设备
SH603278,大业股份,通用设备
SH603279,景津装备,环保
SH603283,赛腾股份,自动化设备
SH603286,日盈电子,汽车零部件
SH603288,海天味业,食品加工制造
SH603289,泰瑞机器,专用设备
SH603290,斯达半导,半导体及元件
SH603297,永新光学,光学光电子
SH603298,杭叉集团,专用设备
SH603299,苏盐井神,化学原料
SH603300,华铁应急,保险及其他
SH603301,振德医疗,医疗器械
SH603303,得邦照明,光学光电子
SH603305,旭升股份,汽车零部件
SH603306,华懋科技,汽车零部件
SH603308,应流股份,通用设备
SH603309,维力医疗,医疗器械
SH603311,金海高科,白色家电
SH603313,梦百合,家用轻工
SH603315,福鞍股份,环保
SH603316,诚邦股份,建筑装饰
SH603317,天味食品,食品加工制造
SH603318,水发燃气,燃气
SH603319,湘油泵,汽车零部件
SH603320,迪贝电气,电力设备
SH603321,梅轮电梯,专用设备
SH603322,超讯通信,通信服务
SH603323,苏农银行,银行
SH603324,盛剑环境,环保
SH603326,我乐家居,家用轻工
SH603327,福蓉科技,消费电子
SH603328,依顿电子,半导体及元件
SH603329,上海雅仕,物流
SH603330,上海天洋,化工合成材料
SH603331,百达精工,通用设备
SH603332,苏州龙杰,化工合成材料
SH603333,尚纬股份,电力设备
SH603335,迪生力,汽车零部件
SH603336,宏辉果蔬,农产品加工
SH603337,杰克股份,专用设备
SH603338,浙江鼎力,专用设备
SH603339,四方科技,通用设备
SH603345,安井食品,食品加工制造
SH603348,XD文灿股,汽车零部件
SH603351,威尔药业,化学制药
SH603353,和顺石油,石油加工贸易
SH603355,莱克电气,小家电
SH603356,华菱精工,专用设备
SH603357,设计总院,建筑装饰
SH603358,华达科技,汽车零部件
SH603359,东珠生态,环保
SH603360,百傲化学,化学制品
SH603363,傲农生物,农产品加工
SH603365,水星家纺,服装家纺
SH603366,日出东方,厨卫电器
SH603367,辰欣药业,化学制药
SH603368,柳药集团,医药商业
SH603369,今世缘,饮料制造
SH603377,东方时尚,教育
SH603378,亚士创能,建筑材料
SH603379,三美股份,化学制品
SH603380,易德龙,消费电子
SH603383,顶点软件,计算机应用
SH603385,惠达卫浴,家用轻工
SH603386,骏亚科技,半导体及元件
SH603387,基蛋生物,医疗器械
SH603388,元成股份,建筑装饰
SH603389,亚振家居,家用轻工
SH603390,通达电气,汽车零部件
SH603392,万泰生物,医疗器械
SH603393,新天然气,油气开采及服务
SH603396,金辰股份,电力设备
SH603398,沐邦高科,家用轻工
SH603399,吉翔股份,小金属
SH603408,建霖家居,家用轻工
SH603416,信捷电气,自动化设备
SH603421,鼎信通讯,通信设备
SH603429,集友股份,包装印刷
SH603439,贵州三力,中药
SH603444,吉比特,传媒
SH603456,九洲药业,医疗服务
SH603458,勘设股份,建筑装饰
SH603466,风语筑,传媒
SH603477,巨星农牧,养殖业
SH603486,科沃斯,小家电
SH603488,展鹏科技,专用设备
SH603489,八方股份,电力设备
SH603496,恒为科技,计算机设备
SH603499,翔港科技,包装印刷
SH603500,祥和实业,非汽车交运
SH603501,韦尔股份,半导体及元件
SH603505,金石资源,化学制品
SH603506,南都物业,房地产服务
SH603507,振江股份,电力设备
SH603508,思维列控,计算机设备
SH603511,爱慕股份,服装家纺
SH603515,欧普照明,光学光电子
SH603516,淳中科技,计算机设备
SH603517,绝味食品,食品加工制造
SH603518,锦泓集团,服装家纺
SH603519,立霸股份,白色家电
SH603520,司太立,化学制药
SH603527,众源新材,工业金属
SH603528,多伦科技,计算机应用
SH603529,爱玛科技,非汽车交运
SH603530,神马电力,电力设备
SH603533,掌阅科技,传媒
SH603535,嘉诚国际,物流
SH603536,惠发食品,食品加工制造
SH603538,美诺华,化学制药
SH603551,奥普家居,厨卫电器
SH603555,贵人鸟,服装家纺
SH603556,海兴电力,电力设备
SH603558,健盛集团,服装家纺
SH603559,中通国脉,通信服务
SH603565,中谷物流,港口航运
SH603566,普莱柯,农业服务
SH603567,珍宝岛,中药
SH603568,伟明环保,环保
SH603569,长久物流,物流
SH603577,汇金通,电力设备
SH603578,三星新材,白色家电
SH603579,荣泰健康,小家电
SH603580,艾艾精工,化工合成材料
SH603583,捷昌驱动,自动化设备
SH603585,苏利股份,化学制品
SH603586,金麒麟,汽车零部件
SH603587,地素时尚,服装家纺
SH603588,高能环境,环保
SH603589,口子窖,饮料制造
SH603590,康辰药业,生物制品
SH603595,东尼电子,消费电子
SH603596,伯特利,汽车零部件
SH603598,引力传媒,传媒
SH603599,广信股份,化学制品
SH603600,永艺股份,家用轻工
SH603601,再升科技,建筑材料
SH603602,XD纵横通,通信服务
SH603605,珀莱雅,美容护理
SH603606,东方电缆,电力设备
SH603607,京华激光,包装印刷
SH603608,天创时尚,服装家纺
SH603609,禾丰股份,农产品加工
SH603610,麒盛科技,家用轻工
SH603611,诺力股份,专用设备
SH603612,索通发展,非金属材料
SH603613,国联股份,互联网电商
SH603615,茶花股份,家用轻工
SH603616,韩建河山,建筑材料
SH603617,君禾股份,通用设备
SH603618,杭电股份,电力设备
SH603619,XD中曼石,油气开采及服务
SH603626,科森科技,消费电子
SH603628,清源股份,电力设备
SH603629,利通电子,消费电子
SH603630,拉芳家化,美容护理
SH603633,徕木股份,汽车零部件
SH603636,南威软件,计算机应用
SH603637,镇海股份,建筑装饰
SH603638,艾迪精密,专用设备
SH603639,海利尔,化学制品
SH603648,畅联股份,物流
SH603650,彤程新材,化工合成材料
SH603655,朗博科技,汽车零部件
SH603656,泰禾智能,专用设备
SH603657,春光科技,白色家电
SH603658,安图生物,医疗器械
SH603659,璞泰来,电力设备
SH603660,苏州科达,计算机设备
SH603661,恒林股份,家用轻工
SH603662,柯力传感,仪器仪表
SH603663,三祥新材,小金属
SH603665,康隆达,服装家纺
SH603666,亿嘉和,自动化设备
SH603667,五洲新春,通用设备
SH603668,天马科技,农产品加工
SH603669,灵康药业,化学制药
SH603676,卫信康,化学制药
SH603677,奇精机械,白色家电
SH603678,火炬电子,国防军工
SH603679,华体科技,光学光电子
SH603680,今创集团,非汽车交运
SH603681,永冠新材,化学制品
SH603682,锦和商管,零售
SH603683,晶华新材,化学制品
SH603685,XD晨丰科,光学光电子
SH603686,福龙马,环保
SH603687,大胜达,包装印刷
SH603688,石英股份,非金属材料
SH603689,皖天然气,燃气
SH603690,至纯科技,半导体及元件
SH603693,江苏新能,电力
SH603696,安记食品,食品加工制造
SH603697,有友食品,食品加工制造
SH603698,航天工程,专用设备
SH603699,纽威股份,通用设备
SH603700,宁水集团,仪器仪表
SH603701,德宏股份,汽车零部件
SH603703,盛洋科技,光学光电子
SH603706,东方环宇,燃气
SH603707,健友股份,化学制药
SH603708,家家悦,零售
SH603709,中源家居,家用轻工
SH603711,香飘飘,饮料制造
SH603712,七一二,国防军工
SH603713,密尔克卫,物流
SH603716,塞力医疗,医药商业
SH603717,天域生态,建筑装饰
SH603718,海利生物,农业服务
SH603719,良品铺子,食品加工制造
SH603721,中广天择,传媒
SH603722,阿科力,化工合成材料
SH603725,天安新材,化学制品
SH603726,朗迪集团,白色家电
SH603727,博迈科,油气开采及服务
SH603728,鸣志电器,电力设备
SH603729,龙韵股份,传媒
SH603730,岱美股份,汽车零部件
SH603733,仙鹤股份,造纸
SH603737,三棵树,建筑材料
SH603738,泰晶科技,半导体及元件
SH603739,蔚蓝生物,农业服务
SH603755,日辰股份,食品加工制造
SH603757,大元泵业,通用设备
SH603758,秦安股份,汽车零部件
SH603759,海天股份,环保
SH603766,隆鑫通用,非汽车交运
SH603767,中马传动,汽车零部件
SH603768,常青股份,汽车零部件
SH603773,沃格光电,光学光电子
SH603776,永安行,非汽车交运
SH603777,来伊份,食品加工制造
SH603778,乾景园林,建筑装饰
SH603779,威龙股份,饮料制造
SH603786,科博达,汽车零部件
SH603787,新日股份,非汽车交运
SH603788,宁波高发,汽车零部件
SH603789,星光农机,专用设备
SH603790,雅运股份,化学制品
SH603797,联泰环保,环保
SH603798,康普顿,石油加工贸易
SH603799,华友钴业,小金属
SH603800,道森股份,专用设备
SH603801,志邦家居,家用轻工
SH603803,瑞斯康达,通信设备
SH603806,福斯特,电力设备
SH603808,歌力思,服装家纺
SH603809,豪能股份,汽车零部件
SH603810,丰山集团,化学制品
SH603811,诚意药业,化学制药
SH603813,原尚股份,物流
SH603815,交建股份,建筑装饰
SH603816,顾家家居,家用轻工
SH603817,海峡环保,环保
SH603818,曲美家居,家用轻工
SH603819,神力股份,电力设备
SH603822,嘉澳环保,化学制品
SH603823,百合花,化学制品
SH603825,华扬联众,传媒
SH603826,坤彩科技,非金属材料
SH603828,柯利达,建筑装饰
SH603829,洛凯股份,电力设备
SH603833,欧派家居,家用轻工
SH603836,海程邦达,物流
SH603838,四通股份,家用轻工
SH603839,安正时尚,服装家纺
SH603843,正平股份,建筑装饰
SH603848,好太太,家用轻工
SH603855,XD华荣股,专用设备
SH603856,东宏股份,建筑材料
SH603858,步长制药,中药
SH603859,能科科技,自动化设备
SH603860,中公高科,建筑装饰
SH603861,白云电器,电力设备
SH603863,松炀资源,造纸
SH603866,桃李面包,食品加工制造
SH603867,DR新化股,化学制品
SH603868,飞科电器,小家电
SH603869,新智认知,计算机应用
SH603871,嘉友国际,物流
SH603876,鼎胜新材,工业金属
SH603877,太平鸟,服装家纺
SH603878,武进不锈,钢铁
SH603879,永悦科技,化工合成材料
SH603880,南卫股份,医疗器械
SH603881,数据港,计算机应用
SH603882,金域医学,医疗服务
SH603883,老百姓,医药商业
SH603885,吉祥航空,机场航运
SH603886,元祖股份,食品加工制造
SH603887,城地香江,计算机应用
SH603888,新华网,传媒
SH603889,新澳股份,纺织制造
SH603890,春秋电子,消费电子
SH603893,瑞芯微,半导体及元件
SH603895,天永智能,专用设备
SH603896,寿仙谷,中药
SH603897,长城科技,电力设备
SH603898,好莱客,家用轻工
SH603899,晨光股份,家用轻工
SH603900,莱绅通灵,家用轻工
SH603901,永创智能,专用设备
SH603903,中持股份,环保
SH603906,龙蟠科技,化学制品
SH603908,牧高笛,服装家纺
SH603909,建发合诚,建筑装饰
SH603912,佳力图,通用设备
SH603915,国茂股份,通用设备
SH603916,苏博特,化学制品
SH603917,合力科技,汽车零部件
SH603918,金桥信息,计算机应用
SH603919,金徽酒,饮料制造
SH603920,世运电路,半导体及元件
SH603922,金鸿顺,汽车零部件
SH603926,铁流股份,汽车零部件
SH603927,中科软,计算机应用
SH603928,兴业股份,化工合成材料
SH603929,亚翔集成,建筑装饰
SH603931,格林达,电子化学品
SH603933,睿能科技,其他电子
SH603936,博敏电子,半导体及元件
SH603937,丽岛新材,工业金属
SH603938,三孚股份,化学制品
SH603939,益丰药房,医药商业
SH603948,建业股份,化学制品
SH603949,雪龙集团,汽车零部件
SH603950,长源东谷,汽车零部件
SH603955,大千生态,建筑装饰
SH603956,威派格,专用设备
SH603958,哈森股份,服装家纺
SH603959,百利科技,建筑装饰
SH603960,克来机电,自动化设备
SH603963,大理药业,中药
SH603966,法兰泰克,专用设备
SH603967,中创物流,物流
SH603968,醋化股份,化学制品
SH603969,银龙股份,通用设备
SH603970,中农立华,化学制品
SH603976,正川股份,医疗器械
SH603977,国泰集团,化学制品
SH603978,深圳新星,金属新材料
SH603979,金诚信,工业金属
SH603980,吉华集团,化学制品
SH603982,泉峰汽车,汽车零部件
SH603983,丸美股份,美容护理
SH603985,恒润股份,电力设备
SH603986,兆易创新,半导体及元件
SH603987,康德莱,医疗器械
SH603988,中电电机,电力设备
SH603989,艾华集团,半导体及元件
SH603990,麦迪科技,计算机应用
SH603991,至正股份,化工合成材料
SH603992,松霖科技,家用轻工
SH603993,洛阳钼业,小金属
SH603995,甬金股份,钢铁
SH603997,继峰股份,汽车零部件
SH603998,方盛制药,中药
SH603999,读者传媒,传媒
SH605001,威奥股份,非汽车交运
SH605003,众望布艺,服装家纺
SH605005,合兴股份,汽车零部件
SH605006,山东玻纤,建筑材料
SH605007,五洲特纸,造纸
SH605008,长鸿高科,化工合成材料
SH605009,豪悦护理,美容护理
SH605011,杭州热电,电力
SH605016,百龙创园,化学制品
SH605018,长华股份,汽车零部件
SH605020,永和股份,化学制品
SH605028,世茂能源,电力
SH605033,美邦股份,化学制品
SH605050,福然德,物流
SH605055,迎丰股份,纺织制造
SH605056,咸亨国际,仪器仪表
SH605058,澳弘电子,半导体及元件
SH605060,联德股份,通用设备
SH605066,天正电气,电力设备
SH605068,明新旭腾,汽车零部件
SH605069,正和生态,环保
SH605077,华康股份,化学制品
SH605080,浙江自然,家用轻工
SH605081,太和水,环保
SH605086,龙高股份,非金属材料
SH605088,冠盛股份,汽车零部件
SH605089,味知香,食品加工制造
SH605090,九丰能源,燃气
SH605098,行动教育,教育
SH605099,共创草坪,家用轻工
SH605100,华丰股份,通用设备
SH605108,同庆楼,酒店及餐饮
SH605111,新洁能,半导体及元件
SH605116,奥锐特,化学制药
SH605117,德业股份,白色家电
SH605118,力鼎光电,计算机设备
SH605122,四方新材,建筑材料
SH605123,派克新材,国防军工
SH605128,上海沿浦,汽车零部件
SH605133,嵘泰股份,汽车零部件
SH605136,丽人丽妆,互联网电商
SH605138,盛泰集团,服装家纺
SH605151,西上海,汽车服务
SH605155,西大门,家用轻工
SH605158,华达新材,钢铁
SH605162,新中港,电力
SH605166,聚合顺,化工合成材料
SH605167,利柏特,建筑装饰
SH605168,三人行,传媒
SH605169,洪通燃气,燃气
SH605177,东亚药业,化学制药
SH605178,时空科技,建筑装饰
SH605179,一鸣食品,食品加工制造
SH605180,华生科技,纺织制造
SH605183,确成股份,化工合成材料
SH605186,健麾信息,自动化设备
SH605188,国光连锁,零售
SH605189,富春染织,纺织制造
SH605196,华通线缆,电力设备
SH605198,德利股份,饮料制造
SH605199,葫芦娃,中药
SH605208,永茂泰,工业金属
SH605218,伟时电子,光学光电子
SH605222,起帆电缆,电力设备
SH605228,神通科技,汽车零部件
SH605255,天普股份,汽车零部件
SH605258,协和电子,半导体及元件
SH605259,绿田机械,专用设备
SH605266,健之佳,医药商业
SH605268,王力安防,家用轻工
SH605277,新亚电子,消费电子
SH605286,同力日升,专用设备
SH605287,德才股份,建筑装饰
SH605288,凯迪股份,自动化设备
SH605289,罗曼股份,建筑装饰
SH605296,神农集团,养殖业
SH605298,必得科技,非汽车交运
SH605299,舒华体育,家用轻工
SH605300,佳禾食品,食品加工制造
SH605303,园林股份,建筑装饰
SH605305,中际联合,专用设备
SH605318,法狮龙,建筑材料
SH605319,无锡振华,汽车零部件
SH605333,沪光股份,汽车零部件
SH605336,DR帅丰电,厨卫电器
SH605337,李子园,饮料制造
SH605338,巴比食品,食品加工制造
SH605339,南侨食品,食品加工制造
SH605358,立昂微,半导体及元件
SH605365,立达信,光学光电子
SH605366,宏柏新材,化学制品
SH605368,蓝天燃气,燃气
SH605369,拱东医疗,医疗器械
SH605376,博迁新材,小金属
SH605377,华旺科技,造纸
SH605378,野马电池,电力设备
SH605388,均瑶健康,饮料制造
SH605389,长龄液压,专用设备
SH605398,新炬网络,计算机应用
SH605399,晨光新材,化学制品
SH605488,福莱新材,化工合成材料
SH605499,东鹏饮料,饮料制造
SH605500,森林包装,造纸
SH605507,国邦医药,化学制药
SH605555,德昌股份,小家电
SH605566,福莱蒽特,化学制品
SH605567,春雪食品,食品加工制造
SH605577,龙版传媒,传媒
SH605580,恒盛能源,电力
SH605588,冠石科技,光学光电子
SH605589,圣泉集团,化工合成材料
SH605598,上海港湾,建筑装饰
SH605599,菜百股份,家用轻工
SH688001,华兴源创,专用设备
SH688002,睿创微纳,国防军工
SH688003,天准科技,自动化设备
SH688004,博汇科技,计算机应用
SH688005,容百科技,电力设备
SH688006,杭可科技,电力设备
SH688007,光峰科技,消费电子
SH688008,澜起科技,半导体及元件
SH688009,中国通号,非汽车交运
SH688010,福光股份,光学光电子
SH688011,新光光电,国防军工
SH688012,中微公司,半导体及元件
SH688013,天臣医疗,医疗器械
SH688015,交控科技,非汽车交运
SH688016,心脉医疗,医疗器械
SH688017,绿的谐波,自动化设备
SH688018,乐鑫科技,半导体及元件
SH688019,安集科技,电子化学品
SH688020,方邦股份,电子化学品
SH688021,奥福环保,汽车零部件
SH688022,瀚川智能,专用设备
SH688023,安恒信息,计算机应用
SH688025,杰普特,自动化设备
SH688026,洁特生物,化工合成材料
SH688027,国盾量子,通信设备
SH688028,沃尔德,通用设备
SH688029,南微医学,医疗器械
SH688030,山石网科,计算机应用
SH688032,禾迈股份,电力设备
SH688033,天宜上佳,非汽车交运
SH688036,传音控股,消费电子
SH688037,芯源微,半导体及元件
SH688038,XD中科通,计算机应用
SH688039,当虹科技,计算机应用
SH688045,必易微,半导体及元件
SH688046,药康生物,医疗服务
SH688047,龙芯中科,半导体及元件
SH688048,长光华芯,半导体及元件
SH688049,炬芯科技,半导体及元件
SH688050,爱博医疗,医疗器械
SH688051,佳华科技,计算机应用
SH688052,纳芯微,半导体及元件
SH688053,N思科,专业服务
SH688055,龙腾光电,光学光电子
SH688056,莱伯泰科,仪器仪表
SH688057,金达莱,环保
SH688058,宝兰德,计算机应用
SH688059,华锐精密,通用设备
SH688060,云涌科技,计算机设备
SH688062,迈威生物-U,生物制品
SH688063,派能科技,电力设备
SH688065,凯赛生物,化学制品
SH688066,航天宏图,国防军工
SH688067,爱威科技,医疗器械
SH688068,热景生物,医疗器械
SH688069,德林海,环保
SH688070,纵横股份,国防军工
SH688071,华依科技,专用设备
SH688072,拓荆科技-U,半导体及元件
SH688075,安旭生物,医疗器械
SH688076,诺泰生物,医疗服务
SH688077,大地熊,金属新材料
SH688078,龙软科技,计算机应用
SH688079,美迪凯,光学光电子
SH688080,映翰通,通信设备
SH688081,兴图新科,国防军工
SH688082,盛美上海,半导体及元件
SH688083,中望软件,计算机应用
SH688085,三友医疗,医疗器械
SH688087,英科再生,化工合成材料
SH688088,虹软科技,计算机应用
SH688089,嘉必优,化学制品
SH688090,瑞松科技,自动化设备
SH688091,上海谊众-U,化学制药
SH688092,爱科科技,专用设备
SH688093,世华科技,其他电子
SH688095,福昕软件,计算机应用
SH688096,京源环保,环保
SH688097,博众精工,自动化设备
SH688098,申联生物,农业服务
SH688099,晶晨股份,半导体及元件
SH688100,威胜信息,通信设备
SH688101,三达膜,环保
SH688102,斯瑞新材,工业金属
SH688103,国力股份,其他电子
SH688105,诺唯赞,医疗器械
SH688106,金宏气体,电子化学品
SH688107,安路科技-U,半导体及元件
SH688108,赛诺医疗,医疗器械
SH688109,品茗股份,计算机应用
SH688110,东芯股份,半导体及元件
SH688111,金山办公,计算机应用
SH688112,鼎阳科技,仪器仪表
SH688113,联测科技,专用设备
SH688115,思林杰,仪器仪表
SH688116,天奈科技,电力设备
SH688117,圣诺生物,化学制药
SH688118,普元信息,计算机应用
SH688119,中钢洛耐,建筑材料
SH688120,华海清科,半导体及元件
SH688121,卓然股份,专用设备
SH688122,西部超导,国防军工
SH688123,聚辰股份,半导体及元件
SH688125,安达智能,自动化设备
SH688126,沪硅产业-U,半导体及元件
SH688127,蓝特光学,光学光电子
SH688128,中国电研,专用设备
SH688129,东来技术,化学制品
SH688131,皓元医药,医疗服务
SH688133,泰坦科技,化学制品
SH688135,利扬芯片,半导体及元件
SH688136,科兴制药,生物制品
SH688138,清溢光电,半导体及元件
SH688139,海尔生物,医疗器械
SH688148,芳源股份,电力设备
SH688150,莱特光电,电子化学品
SH688151,华强科技,国防军工
SH688153,唯捷创芯-U,半导体及元件
SH688155,先惠技术,电力设备
SH688156,路德环境,环保
SH688157,松井股份,化学制品
SH688158,优刻得-W,计算机应用
SH688159,有方科技,通信设备
SH688160,步科股份,自动化设备
SH688161,威高骨科,医疗器械
SH688162,巨一科技,专用设备
SH688163,赛伦生物,生物制品
SH688165,埃夫特-U,自动化设备
SH688166,博瑞医药,化学制药
SH688167,炬光科技,自动化设备
SH688168,安博通,计算机应用
SH688169,DR石头科,小家电
SH688170,德龙激光,自动化设备
SH688171,纬德信息,计算机应用
SH688173,希荻微,半导体及元件
SH688175,高凌信息,国防军工
SH688176,亚虹医药-U,化学制药
SH688177,百奥泰,生物制品
SH688178,万德斯,环保
SH688179,阿拉丁,化学制品
SH688180,君实生物-U,生物制品
SH688181,八亿时空,光学光电子
SH688182,灿勤科技,通信设备
SH688183,生益电子,半导体及元件
SH688185,康希诺,生物制品
SH688186,广大特材,钢铁
SH688187,时代电气,非汽车交运
SH688188,柏楚电子,自动化设备
SH688189,南新制药,化学制药
SH688190,云路股份,金属新材料
SH688191,XD智洋创,电力设备
SH688192,迪哲医药-U,化学制药
SH688193,仁度生物,医疗器械
SH688195,腾景科技,光学光电子
SH688196,卓越新能,化学制品
SH688197,首药控股-U,化学制药
SH688198,佰仁医疗,医疗器械
SH688199,久日新材,化学制品
SH688200,华峰测控,半导体及元件
SH688201,信安世纪,计算机应用
SH688202,美迪西,医疗服务
SH688206,概伦电子,半导体及元件
SH688207,格灵深瞳-U,计算机应用
SH688208,道通科技,计算机设备
SH688209,英集芯,半导体及元件
SH688210,统联精密,消费电子
SH688211,中科微至,通用设备
SH688212,澳华内镜,医疗器械
SH688213,思特威-W,半导体及元件
SH688215,瑞晟智能,自动化设备
SH688216,气派科技,半导体及元件
SH688217,睿昂基因,医疗器械
SH688218,江苏北人,自动化设备
SH688219,会通股份,化工合成材料
SH688220,翱捷科技-U,半导体及元件
SH688221,前沿生物-U,化学制药
SH688222,成都先导,医疗服务
SH688223,晶科能源,电力设备
SH688225,亚信安全,计算机应用
SH688226,威腾电气,电力设备
SH688227,品高股份,计算机应用
SH688228,开普云,计算机应用
SH688229,博睿数据,计算机应用
SH688230,芯导科技,半导体及元件
SH688231,隆达股份,国防军工
SH688232,新点软件,计算机应用
SH688233,神工股份,半导体及元件
SH688234,天岳先进,半导体及元件
SH688235,百济神州-U,生物制品
SH688236,春立医疗,医疗器械
SH688237,超卓航科,国防军工
SH688238,和元生物,医疗服务
SH688239,航宇科技,国防军工
SH688246,嘉和美康,计算机应用
SH688248,XD南网科,电力
SH688251,井松智能,通用设备
SH688255,凯尔达,自动化设备
SH688256,寒武纪-U,半导体及元件
SH688257,新锐股份,通用设备
SH688258,卓易信息,计算机应用
SH688259,创耀科技,半导体及元件
SH688260,昀冢科技,消费电子
SH688261,东微半导,半导体及元件
SH688262,国芯科技,半导体及元件
SH688265,南模生物,医疗服务
SH688266,泽Z制药-U,化学制药
SH688267,中触媒,非金属材料
SH688268,华特气体,电子化学品
SH688269,凯立新材,金属新材料
SH688270,臻镭科技,半导体及元件
SH688272,XD富吉瑞,国防军工
SH688276,百克生物,生物制品
SH688277,天智航-U,医疗器械
SH688278,特宝生物,生物制品
SH688279,峰G科技,半导体及元件
SH688280,精进电动-UW,汽车零部件
SH688281,华秦科技,国防军工
SH688282,理工导航,国防军工
SH688283,坤恒顺维,通信设备
SH688285,高铁电气,非汽车交运
SH688286,敏芯股份,半导体及元件
SH688287,观典防务,国防军工
SH688288,鸿泉物联,计算机设备
SH688289,圣湘生物,医疗器械
SH688290,景业智能,自动化设备
SH688295,中复神鹰,化工合成材料
SH688296,和达科技,计算机应用
SH688297,中无人机,国防军工
SH688298,东方生物,医疗器械
SH688299,长阳科技,光学光电子
SH688300,联瑞新材,非金属材料
SH688301,奕瑞科技,医疗器械
SH688302,海创药业-U,化学制药
SH688303,大全能源,电力设备
SH688305,科德数控,通用设备
SH688306,均普智能,自动化设备
SH688308,欧科亿,通用设备
SH688310,迈得医疗,自动化设备
SH688311,盟升电子,国防军工
SH688312,燕麦科技,自动化设备
SH688313,仕佳光子,通信设备
SH688314,康拓医疗,医疗器械
SH688315,诺禾致源,医疗服务
SH688316,青云科技-U,计算机应用
SH688317,之江生物,医疗器械
SH688318,财富趋势,计算机应用
SH688319,欧林生物,生物制品
SH688320,禾川科技,自动化设备
SH688321,微芯生物,化学制药
SH688322,C奥比-UW,自动化设备
SH688323,瑞华泰,化工合成材料
SH688325,赛微微电,半导体及元件
SH688326,经纬恒润-W,计算机应用
SH688327,云从科技-UW,计算机应用
SH688328,深科达,专用设备
SH688329,艾隆科技,自动化设备
SH688330,宏力达,电力设备
SH688331,荣昌生物,化学制药
SH688332,中科蓝讯,半导体及元件
SH688333,铂力特,通用设备
SH688335,复洁环保,环保
SH688336,三生国健,生物制品
SH688337,普源精电-U,仪器仪表
SH688338,赛科希德,医疗器械
SH688339,亿华通-U,电力设备
SH688345,博力威,电力设备
SH688348,昱能科技,电力设备
SH688349,三一重能,电力设备
SH688350,富淼科技,化学制品
SH688353,华盛锂电,电力设备
SH688355,明志科技,通用设备
SH688356,键凯科技,化学制药
SH688357,建龙微纳,非金属材料
SH688358,祥生医疗,医疗器械
SH688359,三孚新科,电子化学品
SH688360,德马科技,通用设备
SH688363,华熙生物,美容护理
SH688365,光云科技,计算机应用
SH688366,昊海生科,医疗器械
SH688367,工大高科,非汽车交运
SH688368,晶丰明源,半导体及元件
SH688369,致远互联,计算机应用
SH688375,国博电子,国防军工
SH688377,迪威尔,专用设备
SH688378,奥来德,专用设备
SH688379,华光新材,通用设备
SH688382,益方生物,生物制品
SH688383,新益昌,专用设备
SH688385,复旦微电,半导体及元件
SH688386,泛亚微透,化工合成材料
SH688388,嘉元科技,工业金属
SH688389,普门科技,医疗器械
SH688390,固德威,电力设备
SH688393,安必平,医疗器械
SH688395,正弦电气,自动化设备
SH688396,华润微,半导体及元件
SH688398,赛特新材,化学制品
SH688399,硕世生物,医疗器械
SH688400,C凌云光,自动化设备
SH688408,中信博,电力设备
SH688418,震有科技,通信设备
SH688425,铁建重工,专用设备
SH688456,有研粉材,工业金属
SH688466,金科环境,环保
SH688468,科美诊断,医疗器械
SH688488,艾迪药业,生物制品
SH688499,利元亨,电力设备
SH688500,慧辰股份,计算机应用
SH688501,青达环保,环保
SH688505,复旦张江,化学制药
SH688508,芯朋微,半导体及元件
SH688509,正元地信,计算机应用
SH688510,航亚科技,国防军工
SH688511,天微电子,国防军工
SH688513,苑东生物,化学制药
SH688516,奥特维,电力设备
SH688517,金冠电气,电力设备
SH688518,联赢激光,自动化设备
SH688519,南亚新材,半导体及元件
SH688520,神州细胞-U,生物制品
SH688521,芯原股份-U,半导体及元件
SH688526,科前生物,农业服务
SH688528,秦川物联,仪器仪表
SH688529,豪森股份,专用设备
SH688533,上声电子,汽车零部件
SH688536,思瑞浦,半导体及元件
SH688538,和辉光电-U,光学光电子
SH688550,瑞联新材,电子化学品
SH688551,科威尔,电力设备
SH688553,汇宇制药-W,化学制药
SH688555,泽达易盛,计算机应用
SH688556,高测股份,电力设备
SH688557,XD兰剑智,通用设备
SH688558,国盛智科,通用设备
SH688559,海目星,自动化设备
SH688560,明冠新材,电力设备
SH688561,奇安信-U,计算机应用
SH688565,力源科技,环保
SH688566,吉贝尔,化学制药
SH688567,孚能科技,电力设备
SH688568,中科星图,计算机应用
SH688569,铁科轨道,非汽车交运
SH688571,杭华股份,化学制品
SH688575,亚辉龙,医疗器械
SH688577,浙海德曼,通用设备
SH688578,艾力斯-U,化学制药
SH688579,山大地纬,计算机应用
SH688580,伟思医疗,医疗器械
SH688585,上纬新材,化工合成材料
SH688586,江航装备,国防军工
SH688588,凌志软件,计算机应用
SH688589,力合微,半导体及元件
SH688590,新致软件,计算机应用
SH688595,芯海科技,半导体及元件
SH688596,正帆科技,专用设备
SH688597,煜邦电力,电力设备
SH688598,金博股份,电力设备
SH688599,天合光能,电力设备
SH688600,皖仪科技,环保
SH688601,力芯微,半导体及元件
SH688606,奥泰生物,医疗器械
SH688607,康众医疗,医疗器械
SH688608,恒玄科技,半导体及元件
SH688609,九联科技,黑色家电
SH688611,杭州柯林,电力设备
SH688613,奥精医疗,医疗器械
SH688616,西力科技,电力设备
SH688617,惠泰医疗,医疗器械
SH688618,三旺通信,通信设备
SH688619,XD罗普特,计算机设备
SH688621,阳光诺和,医疗服务
SH688622,禾信仪器,仪器仪表
SH688625,呈和科技,化学制品
SH688626,翔宇医疗,医疗器械
SH688628,优利德,仪器仪表
SH688630,芯微装,专用设备
SH688633,星球石墨,专用设备
SH688636,智明达,国防军工
SH688639,华恒生物,化学制品
SH688655,迅捷兴,半导体及元件
SH688656,浩欧博,医疗器械
SH688658,悦康药业,化学制药
SH688659,元琛科技,化学制品
SH688660,XD电气风,电力设备
SH688661,和林微纳,消费电子
SH688662,富信科技,其他电子
SH688663,新风光,电力设备
SH688665,四方光电,仪器仪表
SH688667,菱电电控,汽车零部件
SH688668,鼎通科技,通信设备
SH688669,聚石化学,化工合成材料
SH688670,金迪克,生物制品
SH688676,金盘科技,电力设备
SH688677,海泰新光,医疗器械
SH688678,福立旺,消费电子
SH688679,通源环境,环保
SH688680,海优新材,电力设备
SH688681,科汇股份,电力设备
SH688682,霍莱沃,国防军工
SH688683,莱尔科技,消费电子
SH688685,迈信林,国防军工
SH688686,奥普特,自动化设备
SH688687,凯因科技,生物制品
SH688689,银河微电,半导体及元件
SH688690,纳微科技,化学制药
SH688696,极米科技,黑色家电
SH688697,纽威数控,通用设备
SH688698,伟创电气,自动化设备
SH688699,明微电子,半导体及元件
SH688700,东威科技,专用设备
SH688701,卓锦股份,环保
SH688707,振华新材,电力设备
SH688711,宏微科技,半导体及元件
SH688718,唯赛勃,化工合成材料
SH688722,同益中,化工合成材料
SH688728,格科微,半导体及元件
SH688733,壹石通,电力设备
SH688737,中自科技,汽车零部件
SH688739,成大生物,生物制品
SH688766,普冉股份,半导体及元件
SH688767,博拓生物,医疗器械
SH688768,容知日新,仪器仪表
SH688772,珠海冠宇,电力设备
SH688776,国光电气,国防军工
SH688777,中控技术,自动化设备
SH688778,厦钨新能,电力设备
SH688779,长远锂科,电力设备
SH688786,悦安新材,金属新材料
SH688787,海天瑞声,计算机应用
SH688788,科思科技,国防军工
SH688789,宏华数科,专用设备
SH688793,倍轻松,小家电
SH688798,艾为电子,半导体及元件
SH688799,华纳药厂,化学制药
SH688800,瑞可达,其他电子
SH688819,天能股份,电力设备
SH688981,中芯国际,半导体及元件
SH689009,九号公司-WD,非汽车交运
SZ000001,平安银行,银行
SZ000002,万  科Ａ,房地产开发
SZ000004,ST国华,计算机应用
SZ000005,ST星源,环保
SZ000006,深振业Ａ,房地产开发
SZ000007,全新好,零售
SZ000008,神州高铁,非汽车交运
SZ000009,中国宝安,电力设备
SZ000010,美丽生态,建筑装饰
SZ000011,深物业A,房地产开发
SZ000012,南  玻Ａ,建筑材料
SZ000014,沙河股份,房地产开发
SZ000016,深康佳Ａ,黑色家电
SZ000017,深中华A,家用轻工
SZ000019,深粮控股,农产品加工
SZ000020,深华发Ａ,光学光电子
SZ000021,深科技,消费电子
SZ000023,深天地Ａ,建筑材料
SZ000025,特  力Ａ,汽车服务
SZ000026,飞亚达,家用轻工
SZ000027,深圳能源,电力
SZ000028,国药一致,医药商业
SZ000029,深深房Ａ,房地产开发
SZ000030,富奥股份,汽车零部件
SZ000031,大悦城,房地产开发
SZ000032,深桑达Ａ,通信设备
SZ000034,神州数码,计算机应用
SZ000035,中国天楹,环保
SZ000036,华联控股,房地产开发
SZ000037,深南电A,电力
SZ000038,*ST大通,综合
SZ000039,中集集团,通用设备
SZ000040,东旭蓝天,电力
SZ000042,中洲控股,房地产开发
SZ000045,深纺织Ａ,光学光电子
SZ000046,泛海控股,房地产开发
SZ000048,京基智农,农产品加工
SZ000049,德赛电池,电力设备
SZ000050,深天马Ａ,光学光电子
SZ000055,方大集团,建筑材料
SZ000056,皇庭国际,零售
SZ000058,深 赛 格,零售
SZ000059,华锦股份,石油加工贸易
SZ000060,中金岭南,工业金属
SZ000061,农 产 品,零售
SZ000062,深圳华强,其他电子
SZ000063,中兴通讯,通信设备
SZ000065,北方国际,建筑装饰
SZ000066,中国长城,计算机设备
SZ000068,华控赛格,环保
SZ000069,华侨城Ａ,房地产开发
SZ000070,特发信息,通信设备
SZ000078,海王生物,医药商业
SZ000088,盐 田 港,港口航运
SZ000089,深圳机场,机场航运
SZ000090,天健集团,房地产开发
SZ000096,广聚能源,石油加工贸易
SZ000099,中信海直,机场航运
SZ000100,TCL科技,光学光电子
SZ000150,*ST宜康,医疗服务
SZ000151,中成股份,贸易
SZ000153,丰原药业,化学制药
SZ000155,川能动力,电力
SZ000156,华数传媒,传媒
SZ000157,中联重科,专用设备
SZ000158,常山北明,计算机应用
SZ000159,国际实业,石油加工贸易
SZ000166,申万宏源,证券
SZ000301,东方盛虹,化工合成材料
SZ000333,美的集团,白色家电
SZ000338,潍柴动力,汽车零部件
SZ000400,许继电气,电力设备
SZ000401,冀东水泥,建筑材料
SZ000402,金 融 街,房地产开发
SZ000403,派林生物,生物制品
SZ000404,长虹华意,白色家电
SZ000407,胜利股份,燃气
SZ000408,藏格矿业,化学制品
SZ000409,云鼎科技,计算机应用
SZ000410,*ST沈机,通用设备
SZ000411,英特集团,医药商业
SZ000413,东旭光电,光学光电子
SZ000415,渤海租赁,保险及其他
SZ000416,民生控股,保险及其他
SZ000417,合肥百货,零售
SZ000419,通程控股,零售
SZ000420,吉林化纤,化工合成材料
SZ000421,南京公用,燃气
SZ000422,湖北宜化,化学制品
SZ000423,东阿阿胶,中药
SZ000425,徐工机械,专用设备
SZ000426,兴业矿业,工业金属
SZ000428,华天酒店,酒店及餐饮
SZ000429,粤高速Ａ,公路铁路运输
SZ000430,张家界,景点及旅游
SZ000488,晨鸣纸业,造纸
SZ000498,山东路桥,建筑装饰
SZ000501,武商集团,零售
SZ000503,国新健康,计算机应用
SZ000504,南华生物,医疗服务
SZ000505,京粮控股,农产品加工
SZ000506,中润资源,贵金属
SZ000507,珠海港,港口航运
SZ000509,华塑控股,光学光电子
SZ000510,新金路,化学原料
SZ000513,丽珠集团,化学制药
SZ000514,渝 开 发,房地产开发
SZ000516,国际医学,医疗服务
SZ000517,荣安地产,房地产开发
SZ000518,四环生物,生物制品
SZ000519,中兵红箭,国防军工
SZ000520,长航凤凰,港口航运
SZ000521,长虹美菱,白色家电
SZ000523,广州浪奇,美容护理
SZ000524,岭南控股,景点及旅游
SZ000525,ST红太阳,化学制品
SZ000526,学大教育,教育
SZ000528,柳    工,专用设备
SZ000529,广弘控股,传媒
SZ000530,冰山冷热,通用设备
SZ000531,穗恒运Ａ,电力
SZ000532,华金资本,保险及其他
SZ000533,顺钠股份,电力设备
SZ000534,万泽股份,生物制品
SZ000536,华映科技,光学光电子
SZ000537,广宇发展,电力
SZ000538,云南白药,中药
SZ000539,粤电力Ａ,电力
SZ000540,中天金融,房地产开发
SZ000541,佛山照明,光学光电子
SZ000543,皖能电力,电力
SZ000544,中原环保,环保
SZ000545,金浦钛业,化学原料
SZ000546,金圆股份,建筑材料
SZ000547,航天发展,国防军工
SZ000548,湖南投资,公路铁路运输
SZ000550,江铃汽车,汽车整车
SZ000551,创元科技,环保
SZ000552,靖远煤电,煤炭开采加工
SZ000553,安道麦A,化学制品
SZ000554,泰山石油,石油加工贸易
SZ000555,神州信息,计算机应用
SZ000557,西部创业,公路铁路运输
SZ000558,莱茵体育,房地产开发
SZ000559,万向钱潮,汽车零部件
SZ000560,我爱我家,房地产服务
SZ000561,烽火电子,国防军工
SZ000563,陕国投Ａ,保险及其他
SZ000564,ST大集,零售
SZ000565,渝三峡Ａ,化学制品
SZ000566,海南海药,化学制药
SZ000567,海德股份,保险及其他
SZ000568,泸州老窖,饮料制造
SZ000570,苏常柴Ａ,汽车零部件
SZ000571,ST大洲,煤炭开采加工
SZ000572,海马汽车,汽车整车
SZ000573,粤宏远Ａ,房地产开发
SZ000576,甘化科工,国防军工
SZ000581,威孚高科,汽车零部件
SZ000582,北部湾港,港口航运
SZ000584,哈工智能,自动化设备
SZ000586,汇源通信,通信设备
SZ000587,*ST金洲,综合
SZ000589,贵州轮胎,汽车零部件
SZ000590,启迪药业,中药
SZ000591,太阳能,电力
SZ000592,平潭发展,种植业与林业
SZ000593,德龙汇能,燃气
SZ000595,宝塔实业,通用设备
SZ000596,古井贡酒,饮料制造
SZ000597,东北制药,化学制药
SZ000598,兴蓉环境,环保
SZ000599,青岛双星,汽车零部件
SZ000600,建投能源,电力
SZ000601,韶能股份,电力
SZ000603,盛达资源,工业金属
SZ000605,渤海股份,环保
SZ000606,*ST顺利,计算机应用
SZ000607,华媒控股,传媒
SZ000608,阳光股份,房地产开发
SZ000609,中迪投资,房地产开发
SZ000610,西安旅游,酒店及餐饮
SZ000612,焦作万方,工业金属
SZ000615,奥园美谷,美容护理
SZ000616,ST海投,医疗服务
SZ000617,中油资本,保险及其他
SZ000619,海螺新材,建筑材料
SZ000620,新华联,房地产开发
SZ000622,恒立实业,综合
SZ000623,吉林敖东,化学制药
SZ000625,长安汽车,汽车整车
SZ000626,远大控股,贸易
SZ000627,天茂集团,保险
SZ000628,高新发展,建筑装饰
SZ000629,攀钢钒钛,钢铁
SZ000630,铜陵有色,工业金属
SZ000631,顺发恒业,综合
SZ000632,三木集团,综合
SZ000633,合金投资,金属新材料
SZ000635,英 力 特,化学原料
SZ000636,风华高科,半导体及元件
SZ000637,茂化实华,石油加工贸易
SZ000638,*ST万方,国防军工
SZ000639,西王食品,食品加工制造
SZ000650,仁和药业,中药
SZ000651,格力电器,白色家电
SZ000652,泰达股份,综合
SZ000655,金岭矿业,钢铁
SZ000656,金科股份,房地产开发
SZ000657,中钨高新,小金属
SZ000659,珠海中富,包装印刷
SZ000661,长春高新,生物制品
SZ000663,永安林业,种植业与林业
SZ000665,湖北广电,传媒
SZ000666,经纬纺机,保险及其他
SZ000667,美好置业,房地产开发
SZ000668,荣丰控股,医药商业
SZ000669,ST金鸿,燃气
SZ000671,阳 光 城,房地产开发
SZ000672,上峰水泥,建筑材料
SZ000676,智度股份,传媒
SZ000677,恒天海龙,化工合成材料
SZ000678,襄阳轴承,汽车零部件
SZ000679,大连友谊,零售
SZ000680,山推股份,专用设备
SZ000681,视觉中国,传媒
SZ000682,东方电子,电力设备
SZ000683,远兴能源,化学原料
SZ000685,中山公用,环保
SZ000686,东北证券,证券
SZ000688,国城矿业,工业金属
SZ000690,宝新能源,电力
SZ000691,亚太实业,化学制品
SZ000692,惠天热电,电力
SZ000695,滨海能源,包装印刷
SZ000697,炼石航空,国防军工
SZ000698,沈阳化工,石油加工贸易
SZ000700,模塑科技,汽车零部件
SZ000701,厦门信达,其他电子
SZ000702,正虹科技,农产品加工
SZ000703,恒逸石化,化工合成材料
SZ000705,浙江震元,医药商业
SZ000707,双环科技,化学原料
SZ000708,中信特钢,钢铁
SZ000709,河钢股份,钢铁
SZ000710,贝瑞基因,医疗器械
SZ000711,京蓝科技,环保
SZ000712,锦龙股份,证券
SZ000713,丰乐种业,种植业与林业
SZ000715,中兴商业,零售
SZ000716,黑芝麻,食品加工制造
SZ000717,韶钢松山,钢铁
SZ000718,苏宁环球,房地产开发
SZ000719,中原传媒,传媒
SZ000720,新能泰山,物流
SZ000721,西安饮食,酒店及餐饮
SZ000722,湖南发展,电力
SZ000723,美锦能源,煤炭开采加工
SZ000725,京东方Ａ,光学光电子
SZ000726,鲁  泰Ａ,纺织制造
SZ000727,冠捷科技,光学光电子
SZ000728,国元证券,证券
SZ000729,燕京啤酒,饮料制造
SZ000731,四川美丰,化学制品
SZ000732,ST泰禾,房地产开发
SZ000733,振华科技,国防军工
SZ000735,罗 牛 山,养殖业
SZ000736,中交地产,房地产开发
SZ000737,北方铜业,工业金属
SZ000738,航发控制,国防军工
SZ000739,普洛药业,化学制药
SZ000750,国海证券,证券
SZ000751,锌业股份,工业金属
SZ000752,*ST西发,饮料制造
SZ000753,漳州发展,综合
SZ000755,山西路桥,公路铁路运输
SZ000756,新华制药,化学制药
SZ000757,浩物股份,汽车服务
SZ000758,中色股份,工业金属
SZ000759,中百集团,零售
SZ000761,本钢板材,钢铁
SZ000762,西藏矿业,小金属
SZ000766,通化金马,化学制药
SZ000767,晋控电力,电力
SZ000768,中航西飞,国防军工
SZ000776,广发证券,证券
SZ000777,中核科技,通用设备
SZ000778,新兴铸管,钢铁
SZ000779,甘咨询,建筑装饰
SZ000782,美达股份,化工合成材料
SZ000783,长江证券,证券
SZ000785,居然之家,零售
SZ000786,北新建材,建筑材料
SZ000788,北大医药,化学制药
SZ000789,万年青,建筑材料
SZ000790,华神科技,中药
SZ000791,甘肃电投,电力
SZ000792,盐湖股份,化学制品
SZ000793,华闻集团,传媒
SZ000795,英洛华,金属新材料
SZ000796,ST凯撒,景点及旅游
SZ000797,中国武夷,房地产开发
SZ000798,中水渔业,养殖业
SZ000799,酒鬼酒,饮料制造
SZ000800,一汽解放,汽车整车
SZ000801,四川九洲,黑色家电
SZ000802,北京文化,传媒
SZ000803,北清环能,环保
SZ000806,*ST银河,半导体及元件
SZ000807,云铝股份,工业金属
SZ000809,ST新城,房地产开发
SZ000810,创维数字,黑色家电
SZ000811,冰轮环境,通用设备
SZ000812,陕西金叶,包装印刷
SZ000813,德展健康,化学制药
SZ000815,美利云,造纸
SZ000816,智慧农业,汽车零部件
SZ000818,航锦科技,化学原料
SZ000819,岳阳兴长,石油加工贸易
SZ000820,*ST节能,综合
SZ000821,京山轻机,电力设备
SZ000822,山东海化,化学原料
SZ000823,超声电子,半导体及元件
SZ000825,太钢不锈,钢铁
SZ000826,启迪环境,环保
SZ000828,东莞控股,公路铁路运输
SZ000829,天音控股,零售
SZ000830,鲁西化工,化学原料
SZ000831,五矿稀土,小金属
SZ000833,粤桂股份,综合
SZ000836,富通信息,通信设备
SZ000837,秦川机床,通用设备
SZ000838,财信发展,房地产开发
SZ000839,ST国安,综合
SZ000848,承德露露,饮料制造
SZ000850,华茂股份,纺织制造
SZ000851,高鸿股份,通信设备
SZ000852,石化机械,专用设备
SZ000856,冀东装备,专用设备
SZ000858,五 粮 液,饮料制造
SZ000859,国风新材,化工合成材料
SZ000860,顺鑫农业,饮料制造
SZ000861,海印股份,零售
SZ000862,银星能源,电力
SZ000863,三湘印象,房地产开发
SZ000868,安凯客车,汽车整车
SZ000869,张  裕Ａ,饮料制造
SZ000875,吉电股份,电力
SZ000876,新 希 望,农产品加工
SZ000877,天山股份,建筑材料
SZ000878,云南铜业,工业金属
SZ000880,潍柴重机,汽车零部件
SZ000881,中广核技,化学制品
SZ000882,华联股份,零售
SZ000883,湖北能源,电力
SZ000885,城发环境,公路铁路运输
SZ000886,海南高速,房地产开发
SZ000887,中鼎股份,汽车零部件
SZ000888,峨眉山Ａ,景点及旅游
SZ000889,ST中嘉,通信服务
SZ000890,法尔胜,通用设备
SZ000892,欢瑞世纪,传媒
SZ000893,亚钾国际,化学制品
SZ000895,双汇发展,食品加工制造
SZ000897,津滨发展,房地产开发
SZ000898,鞍钢股份,钢铁
SZ000899,赣能股份,电力
SZ000900,现代投资,公路铁路运输
SZ000901,航天科技,汽车零部件
SZ000902,新洋丰,化学制品
SZ000903,云内动力,汽车零部件
SZ000905,厦门港务,港口航运
SZ000906,浙商中拓,物流
SZ000908,景峰医药,化学制药
SZ000909,数源科技,房地产开发
SZ000910,大亚圣象,家用轻工
SZ000911,南宁糖业,农产品加工
SZ000912,泸天化,化学制品
SZ000913,钱江摩托,非汽车交运
SZ000915,华特达因,化学制药
SZ000917,电广传媒,传媒
SZ000918,嘉凯城,房地产开发
SZ000919,金陵药业,化学制药
SZ000920,沃顿科技,环保
SZ000921,海信家电,白色家电
SZ000922,佳电股份,电力设备
SZ000923,河钢资源,钢铁
SZ000925,众合科技,非汽车交运
SZ000926,福星股份,房地产开发
SZ000927,中国铁物,物流
SZ000928,中钢国际,建筑装饰
SZ000929,兰州黄河,饮料制造
SZ000930,中粮科技,农产品加工
SZ000931,中 关 村,化学制药
SZ000932,华菱钢铁,钢铁
SZ000933,神火股份,工业金属
SZ000935,四川双马,建筑材料
SZ000936,华西股份,化工合成材料
SZ000937,冀中能源,煤炭开采加工
SZ000938,紫光股份,计算机应用
SZ000948,南天信息,计算机应用
SZ000949,新乡化纤,化工合成材料
SZ000950,重药控股,医药商业
SZ000951,中国重汽,汽车整车
SZ000952,广济药业,化学制药
SZ000953,河化股份,化学制药
SZ000955,欣龙控股,纺织制造
SZ000957,中通客车,汽车整车
SZ000958,电投产融,保险及其他
SZ000959,首钢股份,钢铁
SZ000960,锡业股份,小金属
SZ000961,中南建设,房地产开发
SZ000962,东方钽业,小金属
SZ000963,华东医药,化学制药
SZ000965,天保基建,房地产开发
SZ000966,长源电力,电力
SZ000967,盈峰环境,环保
SZ000968,蓝焰控股,油气开采及服务
SZ000969,安泰科技,金属新材料
SZ000970,中科三环,金属新材料
SZ000971,ST高升,通信服务
SZ000972,*ST中基,农产品加工
SZ000973,佛塑科技,化工合成材料
SZ000975,银泰黄金,贵金属
SZ000976,华铁股份,非汽车交运
SZ000977,浪潮信息,计算机设备
SZ000978,桂林旅游,景点及旅游
SZ000980,ST众泰,汽车整车
SZ000981,*ST银亿,汽车零部件
SZ000982,中银绒业,纺织制造
SZ000983,山西焦煤,煤炭开采加工
SZ000985,大庆华科,石油加工贸易
SZ000987,越秀金控,保险及其他
SZ000988,华工科技,自动化设备
SZ000989,九 芝 堂,中药
SZ000990,诚志股份,化学原料
SZ000993,闽东电力,电力
SZ000995,*ST皇台,饮料制造
SZ000996,中国中期,汽车服务
SZ000997,新 大 陆,计算机设备
SZ000998,隆平高科,种植业与林业
SZ000999,华润三九,中药
SZ001201,东瑞股份,养殖业
SZ001202,炬申股份,物流
SZ001203,大中矿业,钢铁
SZ001205,盛航股份,港口航运
SZ001206,依依股份,美容护理
SZ001207,联科科技,化工合成材料
SZ001208,华菱线缆,电力设备
SZ001209,洪兴股份,服装家纺
SZ001210,金房节能,电力
SZ001211,双枪科技,家用轻工
SZ001212,中旗新材,建筑材料
SZ001213,中铁特货,公路铁路运输
SZ001215,千味央厨,食品加工制造
SZ001216,华瓷股份,家用轻工
SZ001217,华尔泰,化学原料
SZ001218,丽臣实业,化学制品
SZ001219,青岛食品,食品加工制造
SZ001226,拓山重工,专用设备
SZ001227,兰州银行,银行
SZ001228,永泰运,物流
SZ001230,劲旅环境,环保
SZ001234,泰慕士,服装家纺
SZ001266,宏英智能,自动化设备
SZ001267,汇绿生态,建筑装饰
SZ001268,联合精密,白色家电
SZ001270,铖昌科技,国防军工
SZ001288,运机集团,专用设备
SZ001289,龙源电力,电力
SZ001296,长江材料,建筑材料
SZ001308,康冠科技,光学光电子
SZ001309,德明利,计算机设备
SZ001313,粤海饲料,农产品加工
SZ001316,润贝航科,石油加工贸易
SZ001317,三羊马,物流
SZ001318,阳光乳业,食品加工制造
SZ001319,铭科精技,通用设备
SZ001323,慕思股份,家用轻工
SZ001336,楚环科技,环保
SZ001696,宗申动力,通用设备
SZ001872,招商港口,港口航运
SZ001896,豫能控股,电力
SZ001914,招商积余,房地产服务
SZ001965,招商公路,公路铁路运输
SZ001979,招商蛇口,房地产开发
SZ002001,新 和 成,化学制药
SZ002002,鸿达兴业,化学原料
SZ002003,伟星股份,纺织制造
SZ002004,华邦健康,化学制药
SZ002005,ST德豪,小家电
SZ002006,精功科技,专用设备
SZ002007,华兰生物,生物制品
SZ002008,大族激光,自动化设备
SZ002009,天奇股份,专用设备
SZ002010,传化智联,物流
SZ002011,盾安环境,白色家电
SZ002012,凯恩股份,造纸
SZ002013,中航机电,国防军工
SZ002014,永新股份,包装印刷
SZ002015,协鑫能科,电力
SZ002016,世荣兆业,房地产开发
SZ002017,东信和平,通信设备
SZ002019,亿帆医药,化学制药
SZ002020,京新药业,化学制药
SZ002021,ST中捷,专用设备
SZ002022,*ST 科华,医疗器械
SZ002023,海特高新,国防军工
SZ002024,ST易购,互联网电商
SZ002025,航天电器,国防军工
SZ002026,山东威达,通用设备
SZ002027,分众传媒,传媒
SZ002028,思源电气,电力设备
SZ002029,七 匹 狼,服装家纺
SZ002030,达安基因,医疗器械
SZ002031,巨轮智能,专用设备
SZ002032,苏 泊 尔,小家电
SZ002033,丽江股份,景点及旅游
SZ002034,旺能环境,环保
SZ002035,华帝股份,厨卫电器
SZ002036,联创电子,光学光电子
SZ002037,保利联合,化学制品
SZ002038,双鹭药业,生物制品
SZ002039,黔源电力,电力
SZ002040,南 京 港,港口航运
SZ002041,登海种业,种植业与林业
SZ002042,华孚时尚,纺织制造
SZ002043,兔 宝 宝,建筑材料
SZ002044,美年健康,医疗服务
SZ002045,国光电器,消费电子
SZ002046,国机精工,通用设备
SZ002047,宝鹰股份,建筑装饰
SZ002048,宁波华翔,汽车零部件
SZ002049,紫光国微,半导体及元件
SZ002050,三花智控,白色家电
SZ002051,中工国际,建筑装饰
SZ002052,*ST同洲,黑色家电
SZ002053,云南能投,化学原料
SZ002054,德美化工,化学制品
SZ002055,得润电子,消费电子
SZ002056,横店东磁,金属新材料
SZ002057,中钢天源,金属新材料
SZ002058,威尔泰,电力设备
SZ002059,云南旅游,景点及旅游
SZ002060,粤 水 电,建筑装饰
SZ002061,浙江交科,建筑装饰
SZ002062,宏润建设,建筑装饰
SZ002063,远光软件,计算机应用
SZ002064,华峰化学,化工合成材料
SZ002065,东华软件,计算机应用
SZ002066,瑞泰科技,建筑材料
SZ002067,景兴纸业,造纸
SZ002068,黑猫股份,化工合成材料
SZ002069,ST獐子岛,养殖业
SZ002072,*ST凯瑞,综合
SZ002073,软控股份,专用设备
SZ002074,国轩高科,电力设备
SZ002075,沙钢股份,钢铁
SZ002076,*ST雪莱,光学光电子
SZ002077,大港股份,半导体及元件
SZ002078,太阳纸业,造纸
SZ002079,苏州固锝,半导体及元件
SZ002080,中材科技,建筑材料
SZ002081,金 螳 螂,建筑装饰
SZ002082,万邦德,中药
SZ002083,孚日股份,纺织制造
SZ002084,海鸥住工,家用轻工
SZ002085,万丰奥威,汽车零部件
SZ002086,ST东洋,养殖业
SZ002087,新野纺织,纺织制造
SZ002088,鲁阳节能,建筑材料
SZ002089,ST新海,计算机应用
SZ002090,金智科技,电力设备
SZ002091,江苏国泰,贸易
SZ002092,中泰化学,化学原料
SZ002093,国脉科技,教育
SZ002094,青岛金王,美容护理
SZ002095,生 意 宝,传媒
SZ002096,南岭民爆,化学制品
SZ002097,山河智能,专用设备
SZ002098,浔兴股份,纺织制造
SZ002099,海翔药业,化学制药
SZ002100,天康生物,农产品加工
SZ002101,广东鸿图,汽车零部件
SZ002102,ST冠福,化学制药
SZ002103,广博股份,家用轻工
SZ002104,恒宝股份,通信设备
SZ002105,信隆健康,非汽车交运
SZ002106,莱宝高科,光学光电子
SZ002107,沃华医药,中药
SZ002108,沧州明珠,化工合成材料
SZ002109,兴化股份,化学原料
SZ002110,三钢闽光,钢铁
SZ002111,威海广泰,专用设备
SZ002112,三变科技,电力设备
SZ002113,ST天润,传媒
SZ002114,罗平锌电,工业金属
SZ002115,三维通信,通信服务
SZ002116,中国海诚,建筑装饰
SZ002117,东港股份,包装印刷
SZ002118,紫鑫药业,中药
SZ002119,康强电子,半导体及元件
SZ002120,韵达股份,物流
SZ002121,科陆电子,电力设备
SZ002122,ST天马,通用设备
SZ002123,梦网科技,通信服务
SZ002124,天邦食品,养殖业
SZ002125,湘潭电化,化学原料
SZ002126,银轮股份,汽车零部件
SZ002127,南极电商,互联网电商
SZ002128,电投能源,煤炭开采加工
SZ002129,TCL中环,电力设备
SZ002130,沃尔核材,其他电子
SZ002131,利欧股份,传媒
SZ002132,恒星科技,通用设备
SZ002133,广宇集团,房地产开发
SZ002134,天津普林,半导体及元件
SZ002135,东南网架,建筑装饰
SZ002136,安 纳 达,化学原料
SZ002137,实益达,光学光电子
SZ002138,顺络电子,半导体及元件
SZ002139,拓邦股份,消费电子
SZ002140,东华科技,建筑装饰
SZ002141,贤丰控股,其他电子
SZ002142,宁波银行,银行
SZ002144,宏达高科,纺织制造
SZ002145,中核钛白,化学原料
SZ002146,荣盛发展,房地产开发
SZ002148,北纬科技,通信服务
SZ002149,西部材料,小金属
SZ002150,通润装备,通用设备
SZ002151,北斗星通,国防军工
SZ002152,广电运通,计算机设备
SZ002153,石基信息,计算机应用
SZ002154,报 喜 鸟,服装家纺
SZ002155,湖南黄金,贵金属
SZ002156,通富微电,半导体及元件
SZ002157,正邦科技,养殖业
SZ002158,汉钟精机,通用设备
SZ002159,三特索道,景点及旅游
SZ002160,常铝股份,工业金属
SZ002161,远 望 谷,其他电子
SZ002162,悦心健康,家用轻工
SZ002163,海南发展,建筑材料
SZ002164,宁波东力,通用设备
SZ002165,红 宝 丽,化学制品
SZ002166,莱茵生物,中药
SZ002167,东方锆业,小金属
SZ002168,惠程科技,传媒
SZ002169,智光电气,电力设备
SZ002170,芭田股份,化学制品
SZ002171,楚江新材,工业金属
SZ002172,澳洋健康,医疗服务
SZ002173,创新医疗,医疗服务
SZ002174,游族网络,传媒
SZ002175,东方网络,仪器仪表
SZ002176,江特电机,电力设备
SZ002177,*ST御银,计算机设备
SZ002178,延华智能,计算机应用
SZ002179,中航光电,国防军工
SZ002180,纳思达,计算机设备
SZ002181,粤 传 媒,传媒
SZ002182,云海金属,小金属
SZ002183,怡 亚 通,物流
SZ002184,海得控制,自动化设备
SZ002185,华天科技,半导体及元件
SZ002186,全 聚 德,酒店及餐饮
SZ002187,广百股份,零售
SZ002188,巴士在线,房地产服务
SZ002189,中光学,国防军工
SZ002190,成飞集成,国防军工
SZ002191,劲嘉股份,包装印刷
SZ002192,融捷股份,小金属
SZ002193,如意集团,服装家纺
SZ002194,武汉凡谷,通信设备
SZ002195,二三四五,计算机应用
SZ002196,方正电机,电力设备
SZ002197,证通电子,计算机设备
SZ002198,嘉应制药,中药
SZ002199,东晶电子,半导体及元件
SZ002200,ST云投,建筑装饰
SZ002201,正威新材,建筑材料
SZ002202,金风科技,电力设备
SZ002203,海亮股份,工业金属
SZ002204,大连重工,专用设备
SZ002205,国统股份,建筑材料
SZ002206,海 利 得,化工合成材料
SZ002207,准油股份,油气开采及服务
SZ002208,合肥城建,房地产开发
SZ002209,达 意 隆,专用设备
SZ002210,飞马国际,环保
SZ002211,ST宏达,化学制品
SZ002212,天融信,计算机应用
SZ002213,大为股份,其他电子
SZ002214,大立科技,国防军工
SZ002215,诺 普 信,化学制品
SZ002216,三全食品,食品加工制造
SZ002217,合力泰,光学光电子
SZ002218,拓日新能,电力设备
SZ002219,恒康医疗,医疗服务
SZ002221,东华能源,石油加工贸易
SZ002222,福晶科技,光学光电子
SZ002223,鱼跃医疗,医疗器械
SZ002224,三 力 士,化工合成材料
SZ002225,濮耐股份,建筑材料
SZ002226,江南化工,化学制品
SZ002227,奥 特 迅,电力设备
SZ002228,合兴包装,包装印刷
SZ002229,鸿博股份,包装印刷
SZ002230,科大讯飞,计算机应用
SZ002231,奥维通信,国防军工
SZ002232,启明信息,计算机应用
SZ002233,塔牌集团,建筑材料
SZ002234,民和股份,养殖业
SZ002235,安妮股份,造纸
SZ002236,大华股份,计算机设备
SZ002237,恒邦股份,贵金属
SZ002238,天威视讯,传媒
SZ002239,奥特佳,汽车零部件
SZ002240,盛新锂能,小金属
SZ002241,歌尔股份,消费电子
SZ002242,九阳股份,小家电
SZ002243,力合科创,专业服务
SZ002244,滨江集团,房地产开发
SZ002245,蔚蓝锂芯,电力设备
SZ002246,北化股份,化学制品
SZ002247,聚力文化,建筑材料
SZ002248,华东数控,通用设备
SZ002249,大洋电机,电力设备
SZ002250,联化科技,化学制品
SZ002251,步 步 高,零售
SZ002252,上海莱士,生物制品
SZ002253,川大智胜,计算机应用
SZ002254,泰和新材,化工合成材料
SZ002255,海陆重工,电力设备
SZ002256,兆新股份,电力
SZ002258,利尔化学,化学制品
SZ002259,ST升达,燃气
SZ002261,拓维信息,计算机应用
SZ002262,恩华药业,化学制药
SZ002263,大东南,化工合成材料
SZ002264,新 华 都,传媒
SZ002265,西仪股份,汽车零部件
SZ002266,浙富控股,环保
SZ002267,陕天然气,燃气
SZ002268,卫 士 通,计算机设备
SZ002269,美邦服饰,服装家纺
SZ002270,华明装备,电力设备
SZ002271,东方雨虹,建筑材料
SZ002272,川润股份,专用设备
SZ002273,水晶光电,光学光电子
SZ002274,华昌化工,化学制品
SZ002275,桂林三金,中药
SZ002276,万马股份,电力设备
SZ002277,友阿股份,零售
SZ002278,神开股份,专用设备
SZ002279,久其软件,计算机应用
SZ002280,联络互动,互联网电商
SZ002281,光迅科技,通信设备
SZ002282,博深股份,通用设备
SZ002283,天润工业,汽车零部件
SZ002284,亚太股份,汽车零部件
SZ002285,世联行,房地产服务
SZ002286,保龄宝,农产品加工
SZ002287,奇正藏药,中药
SZ002288,超华科技,半导体及元件
SZ002289,宇顺电子,光学光电子
SZ002290,禾盛新材,白色家电
SZ002291,星期六,传媒
SZ002292,奥飞娱乐,传媒
SZ002293,罗莱生活,服装家纺
SZ002294,信立泰,化学制药
SZ002295,精艺股份,工业金属
SZ002296,辉煌科技,通信设备
SZ002297,博云新材,国防军工
SZ002298,中电兴发,计算机应用
SZ002299,圣农发展,养殖业
SZ002300,太阳电缆,电力设备
SZ002301,齐心集团,家用轻工
SZ002302,西部建设,建筑材料
SZ002303,美盈森,包装印刷
SZ002304,洋河股份,饮料制造
SZ002305,南国置业,房地产开发
SZ002306,中科云网,酒店及餐饮
SZ002307,北新路桥,建筑装饰
SZ002308,威创股份,计算机设备
SZ002309,ST中利,电力设备
SZ002310,东方园林,环保
SZ002311,海大集团,农产品加工
SZ002312,川发龙蟒,化学制品
SZ002313,*ST日海,通信设备
SZ002314,南山控股,房地产开发
SZ002315,焦点科技,互联网电商
SZ002316,*ST亚联,保险及其他
SZ002317,众生药业,中药
SZ002318,久立特材,钢铁
SZ002319,乐通股份,化学制品
SZ002320,海峡股份,港口航运
SZ002321,ST华英,养殖业
SZ002322,理工能科,计算机应用
SZ002323,雅博股份,建筑装饰
SZ002324,普利特,化工合成材料
SZ002325,洪涛股份,建筑装饰
SZ002326,永太科技,化学制品
SZ002327,富安娜,服装家纺
SZ002328,新朋股份,汽车零部件
SZ002329,皇氏集团,食品加工制造
SZ002330,得利斯,食品加工制造
SZ002331,皖通科技,计算机应用
SZ002332,仙琚制药,化学制药
SZ002333,罗普斯金,建筑材料
SZ002334,英威腾,自动化设备
SZ002335,科华数据,电力设备
SZ002336,人人乐,零售
SZ002337,赛象科技,专用设备
SZ002338,奥普光电,国防军工
SZ002339,积成电子,电力设备
SZ002340,格林美,电力设备
SZ002341,新纶新材,化工合成材料
SZ002342,巨力索具,通用设备
SZ002343,慈文传媒,传媒
SZ002344,海宁皮城,零售
SZ002345,潮宏基,家用轻工
SZ002346,柘中股份,电力设备
SZ002347,泰尔股份,通用设备
SZ002348,高乐股份,家用轻工
SZ002349,精华制药,中药
SZ002350,北京科锐,电力设备
SZ002351,漫步者,消费电子
SZ002352,顺丰控股,物流
SZ002353,杰瑞股份,专用设备
SZ002354,天娱数科,传媒
SZ002355,兴民智通,汽车零部件
SZ002356,赫美集团,零售
SZ002357,富临运业,公路铁路运输
SZ002358,ST森源,电力设备
SZ002360,同德化工,化学制品
SZ002361,神剑股份,化工合成材料
SZ002362,汉王科技,计算机应用
SZ002363,隆基机械,汽车零部件
SZ002364,中恒电气,电力设备
SZ002365,永安药业,化学制药
SZ002366,*ST海核,电力设备
SZ002367,康力电梯,专用设备
SZ002368,太极股份,计算机应用
SZ002369,卓翼科技,消费电子
SZ002370,亚太药业,化学制药
SZ002371,北方华创,半导体及元件
SZ002372,伟星新材,建筑材料
SZ002373,千方科技,计算机应用
SZ002374,中锐股份,包装印刷
SZ002375,亚厦股份,建筑装饰
SZ002376,新北洋,计算机设备
SZ002377,国创高新,房地产服务
SZ002378,章源钨业,小金属
SZ002379,宏创控股,工业金属
SZ002380,科远智慧,计算机应用
SZ002381,双箭股份,化工合成材料
SZ002382,蓝帆医疗,医疗器械
SZ002383,合众思壮,国防军工
SZ002384,东山精密,半导体及元件
SZ002385,大北农,农产品加工
SZ002386,天原股份,化学原料
SZ002387,维信诺,光学光电子
SZ002388,新亚制程,其他电子
SZ002389,航天彩虹,国防军工
SZ002390,信邦制药,中药
SZ002391,长青股份,化学制品
SZ002392,北京利尔,建筑材料
SZ002393,力生制药,化学制药
SZ002394,联发股份,纺织制造
SZ002395,双象股份,化工合成材料
SZ002396,星网锐捷,通信设备
SZ002397,梦洁股份,服装家纺
SZ002398,垒知集团,建筑材料
SZ002399,海普瑞,化学制药
SZ002400,省广集团,传媒
SZ002401,中远海科,计算机应用
SZ002402,和而泰,消费电子
SZ002403,爱仕达,小家电
SZ002404,嘉欣丝绸,纺织制造
SZ002405,四维图新,计算机应用
SZ002406,远东传动,汽车零部件
SZ002407,多氟多,化学制品
SZ002408,齐翔腾达,石油加工贸易
SZ002409,雅克科技,半导体及元件
SZ002410,广联达,计算机应用
SZ002411,*ST必康,化学制药
SZ002412,汉森制药,中药
SZ002413,雷科防务,国防军工
SZ002414,高德红外,国防军工
SZ002415,海康威视,计算机设备
SZ002416,爱施德,零售
SZ002417,*ST深南,计算机应用
SZ002418,康盛股份,白色家电
SZ002419,天虹股份,零售
SZ002420,毅昌科技,白色家电
SZ002421,达实智能,计算机应用
SZ002422,科伦药业,化学制药
SZ002423,中粮资本,保险及其他
SZ002424,贵州百灵,中药
SZ002425,凯撒文化,传媒
SZ002426,胜利精密,通用设备
SZ002427,*ST尤夫,化工合成材料
SZ002428,云南锗业,小金属
SZ002429,兆驰股份,黑色家电
SZ002430,杭氧股份,化学制品
SZ002431,棕榈股份,建筑装饰
SZ002432,九安医疗,医疗器械
SZ002433,太安堂,中药
SZ002434,万里扬,汽车零部件
SZ002435,长江健康,化学制药
SZ002436,兴森科技,半导体及元件
SZ002437,誉衡药业,化学制药
SZ002438,江苏神通,通用设备
SZ002439,启明星辰,计算机应用
SZ002440,闰土股份,化学制品
SZ002441,众业达,电力设备
SZ002442,龙星化工,化工合成材料
SZ002443,金洲管道,钢铁
SZ002444,巨星科技,通用设备
SZ002445,中南文化,通用设备
SZ002446,盛路通信,国防军工
SZ002448,中原内配,汽车零部件
SZ002449,国星光电,光学光电子
SZ002451,摩恩电气,电力设备
SZ002452,长高电新,电力设备
SZ002453,华软科技,计算机应用
SZ002454,松芝股份,汽车零部件
SZ002455,百川股份,化学制品
SZ002456,欧菲光,光学光电子
SZ002457,青龙管业,建筑材料
SZ002458,益生股份,养殖业
SZ002459,晶澳科技,电力设备
SZ002460,赣锋锂业,小金属
SZ002461,珠江啤酒,饮料制造
SZ002462,嘉事堂,医药商业
SZ002463,沪电股份,半导体及元件
SZ002465,海格通信,国防军工
SZ002466,天齐锂业,小金属
SZ002467,二六三,通信服务
SZ002468,申通快递,物流
SZ002469,三维化学,化学原料
SZ002470,ST金正,化学制品
SZ002471,中超控股,电力设备
SZ002472,双环传动,汽车零部件
SZ002474,榕基软件,计算机应用
SZ002475,立讯精密,消费电子
SZ002476,宝莫股份,石油加工贸易
SZ002478,常宝股份,钢铁
SZ002479,富春环保,电力
SZ002480,新筑股份,通用设备
SZ002481,双塔食品,农产品加工
SZ002482,广田集团,建筑装饰
SZ002483,润邦股份,专用设备
SZ002484,江海股份,半导体及元件
SZ002485,*ST雪发,景点及旅游
SZ002486,嘉麟杰,纺织制造
SZ002487,大金重工,电力设备
SZ002488,金固股份,汽车零部件
SZ002489,浙江永强,家用轻工
SZ002490,山东墨龙,专用设备
SZ002491,通鼎互联,通信设备
SZ002492,恒基达鑫,物流
SZ002493,荣盛石化,石油加工贸易
SZ002494,华斯股份,服装家纺
SZ002495,佳隆股份,食品加工制造
SZ002496,辉丰股份,化学制品
SZ002497,雅化集团,化学制品
SZ002498,汉缆股份,电力设备
SZ002499,*ST科林,电力
SZ002500,山西证券,证券
SZ002501,利源精制,工业金属
SZ002502,鼎龙文化,传媒
SZ002503,搜于特,服装家纺
SZ002504,ST弘高,建筑装饰
SZ002505,鹏都农牧,贸易
SZ002506,协鑫集成,电力设备
SZ002507,涪陵榨菜,食品加工制造
SZ002508,老板电器,厨卫电器
SZ002510,天汽模,汽车零部件
SZ002511,中顺洁柔,美容护理
SZ002512,达华智能,计算机设备
SZ002513,蓝丰生化,化学制品
SZ002514,宝馨科技,通用设备
SZ002515,金字火腿,食品加工制造
SZ002516,旷达科技,汽车零部件
SZ002517,恺英网络,传媒
SZ002518,科士达,电力设备
SZ002519,银河电子,黑色家电
SZ002520,日发精机,通用设备
SZ002521,齐峰新材,造纸
SZ002522,浙江众成,化工合成材料
SZ002523,天桥起重,专用设备
SZ002524,光正眼科,医疗服务
SZ002526,山东矿机,专用设备
SZ002527,新时达,自动化设备
SZ002528,英飞拓,计算机设备
SZ002529,海源复材,专用设备
SZ002530,金财互联,计算机应用
SZ002531,天顺风能,电力设备
SZ002532,天山铝业,工业金属
SZ002533,金杯电工,电力设备
SZ002534,西子洁能,电力设备
SZ002535,ST林重,专用设备
SZ002536,飞龙股份,汽车零部件
SZ002537,海联金汇,汽车零部件
SZ002538,司尔特,化学制品
SZ002539,云图控股,化学制品
SZ002540,亚太科技,工业金属
SZ002541,鸿路钢构,建筑装饰
SZ002542,中化岩土,建筑装饰
SZ002543,万和电气,厨卫电器
SZ002544,普天科技,通信服务
SZ002545,东方铁塔,化学制品
SZ002546,新联电子,电力设备
SZ002547,春兴精工,消费电子
SZ002548,金新农,农产品加工
SZ002549,凯美特气,环保
SZ002550,千红制药,化学制药
SZ002551,尚荣医疗,医疗器械
SZ002552,宝鼎科技,通用设备
SZ002553,南方精工,汽车零部件
SZ002554,惠博普,油气开采及服务
SZ002555,三七互娱,传媒
SZ002556,辉隆股份,农业服务
SZ002557,洽洽食品,食品加工制造
SZ002558,巨人网络,传媒
SZ002559,亚威股份,通用设备
SZ002560,通达股份,电力设备
SZ002561,徐家汇,零售
SZ002562,兄弟科技,化学制品
SZ002563,森马服饰,服装家纺
SZ002564,天沃科技,建筑装饰
SZ002565,顺灏股份,包装印刷
SZ002566,益盛药业,中药
SZ002567,唐人神,农产品加工
SZ002568,百润股份,饮料制造
SZ002569,ST步森,服装家纺
SZ002570,贝因美,食品加工制造
SZ002571,德力股份,家用轻工
SZ002572,索菲亚,家用轻工
SZ002573,清新环境,环保
SZ002574,明牌珠宝,家用轻工
SZ002575,群兴玩具,综合
SZ002576,通达动力,电力设备
SZ002577,雷柏科技,计算机设备
SZ002578,闽发铝业,工业金属
SZ002579,中京电子,半导体及元件
SZ002580,圣阳股份,电力设备
SZ002581,未名医药,生物制品
SZ002582,好想你,食品加工制造
SZ002583,海能达,通信设备
SZ002584,西陇科学,电子化学品
SZ002585,双星新材,化工合成材料
SZ002586,*ST围海,建筑装饰
SZ002587,奥拓电子,光学光电子
SZ002588,史丹利,化学制品
SZ002589,瑞康医药,医药商业
SZ002590,万安科技,汽车零部件
SZ002591,恒大高新,环保
SZ002592,ST八菱,汽车零部件
SZ002593,日上集团,建筑装饰
SZ002594,比亚迪,汽车整车
SZ002595,豪迈科技,专用设备
SZ002596,海南瑞泽,建筑材料
SZ002597,金禾实业,化学制品
SZ002598,山东章鼓,通用设备
SZ002599,盛通股份,包装印刷
SZ002600,领益智造,消费电子
SZ002601,龙佰集团,化学原料
SZ002602,世纪华通,传媒
SZ002603,以岭药业,中药
SZ002605,姚记科技,传媒
SZ002606,大连电瓷,电力设备
SZ002607,中公教育,教育
SZ002608,江苏国信,电力
SZ002609,捷顺科技,计算机应用
SZ002610,爱康科技,电力设备
SZ002611,东方精工,专用设备
SZ002612,朗姿股份,服装家纺
SZ002613,北玻股份,建筑材料
SZ002614,奥佳华,小家电
SZ002615,哈尔斯,家用轻工
SZ002616,长青集团,电力
SZ002617,露笑科技,电力
SZ002620,瑞和股份,建筑装饰
SZ002621,美吉姆,教育
SZ002622,融钰集团,医疗服务
SZ002623,亚玛顿,电力设备
SZ002624,完美世界,传媒
SZ002625,光启技术,国防军工
SZ002626,金达威,食品加工制造
SZ002627,三峡旅游,公路铁路运输
SZ002628,成都路桥,建筑装饰
SZ002629,仁智股份,油气开采及服务
SZ002630,华西能源,电力设备
SZ002631,德尔未来,家用轻工
SZ002632,道明光学,化工合成材料
SZ002633,申科股份,通用设备
SZ002634,棒杰股份,服装家纺
SZ002635,安洁科技,消费电子
SZ002636,金安国纪,半导体及元件
SZ002637,赞宇科技,化学制品
SZ002638,勤上股份,教育
SZ002639,雪人股份,通用设备
SZ002640,*ST跨境,互联网电商
SZ002641,公元股份,建筑材料
SZ002642,荣联科技,计算机应用
SZ002643,万润股份,电子化学品
SZ002644,佛慈制药,中药
SZ002645,华宏科技,环保
SZ002646,天佑德酒,饮料制造
SZ002647,仁东控股,保险及其他
SZ002648,卫星化学,化学制品
SZ002649,博彦科技,计算机应用
SZ002650,加加食品,食品加工制造
SZ002651,利君股份,专用设备
SZ002652,扬子新材,建筑材料
SZ002653,海思科,化学制药
SZ002654,万润科技,光学光电子
SZ002655,共达电声,消费电子
SZ002656,ST摩登,服装家纺
SZ002657,中科金财,计算机应用
SZ002658,雪迪龙,环保
SZ002659,凯文教育,教育
SZ002660,茂硕电源,消费电子
SZ002661,克明食品,农产品加工
SZ002662,京威股份,汽车零部件
SZ002663,普邦股份,建筑装饰
SZ002664,长鹰信质,汽车零部件
SZ002665,首航高科,电力设备
SZ002666,德联集团,化学制品
SZ002667,鞍重股份,专用设备
SZ002668,ST奥马,白色家电
SZ002669,康达新材,化学制品
SZ002670,国盛金控,证券
SZ002671,龙泉股份,建筑材料
SZ002672,东江环保,环保
SZ002673,西部证券,证券
SZ002674,兴业科技,纺织制造
SZ002675,东诚药业,化学制药
SZ002676,顺威股份,白色家电
SZ002677,浙江美大,厨卫电器
SZ002678,珠江钢琴,家用轻工
SZ002679,福建金森,种植业与林业
SZ002681,奋达科技,消费电子
SZ002682,龙洲股份,物流
SZ002683,广东宏大,化学制品
SZ002685,华东重机,通用设备
SZ002686,亿利达,通用设备
SZ002687,乔治白,服装家纺
SZ002688,金河生物,农业服务
SZ002689,远大智能,专用设备
SZ002690,美亚光电,专用设备
SZ002691,冀凯股份,专用设备
SZ002692,ST远程,电力设备
SZ002693,双成药业,生物制品
SZ002694,顾地科技,建筑材料
SZ002695,煌上煌,食品加工制造
SZ002696,百洋股份,农产品加工
SZ002697,红旗连锁,零售
SZ002698,博实股份,自动化设备
SZ002699,ST美盛,传媒
SZ002700,ST浩源,燃气
SZ002701,奥瑞金,包装印刷
SZ002702,海欣食品,食品加工制造
SZ002703,浙江世宝,汽车零部件
SZ002705,新宝股份,小家电
SZ002706,良信股份,电力设备
SZ002707,众信旅游,景点及旅游
SZ002708,光洋股份,汽车零部件
SZ002709,天赐材料,电力设备
SZ002712,思美传媒,传媒
SZ002713,东易日盛,建筑装饰
SZ002714,牧原股份,养殖业
SZ002715,登云股份,汽车零部件
SZ002716,金贵银业,贵金属
SZ002717,岭南股份,环保
SZ002718,友邦吊顶,建筑材料
SZ002719,麦趣尔,食品加工制造
SZ002721,金一文化,家用轻工
SZ002722,金轮股份,专用设备
SZ002723,金莱特,光学光电子
SZ002724,海洋王,其他电子
SZ002725,跃岭股份,汽车零部件
SZ002726,龙大美食,食品加工制造
SZ002727,一心堂,医药商业
SZ002728,特一药业,中药
SZ002729,好利科技,其他电子
SZ002730,电光科技,专用设备
SZ002731,萃华珠宝,家用轻工
SZ002732,燕塘乳业,食品加工制造
SZ002733,雄韬股份,电力设备
SZ002734,利民股份,化学制品
SZ002735,王子新材,包装印刷
SZ002736,国信证券,证券
SZ002737,葵花药业,中药
SZ002738,中矿资源,小金属
SZ002739,万达电影,传媒
SZ002740,ST爱迪尔,家用轻工
SZ002741,光华科技,电子化学品
SZ002742,三圣股份,建筑材料
SZ002743,富煌钢构,建筑装饰
SZ002745,木林森,光学光电子
SZ002746,仙坛股份,养殖业
SZ002747,埃斯顿,自动化设备
SZ002748,世龙实业,化学原料
SZ002749,国光股份,化学制品
SZ002750,龙津药业,中药
SZ002751,*ST易尚,专业服务
SZ002752,N兴股份,包装印刷
SZ002753,永东股份,化工合成材料
SZ002755,奥赛康,化学制药
SZ002756,永兴材料,钢铁
SZ002757,南兴股份,专用设备
SZ002758,浙农股份,汽车服务
SZ002759,天际股份,电力设备
SZ002760,凤形股份,通用设备
SZ002761,浙江建投,建筑装饰
SZ002762,金发拉比,服装家纺
SZ002763,汇洁股份,服装家纺
SZ002765,蓝黛科技,光学光电子
SZ002766,索菱股份,汽车零部件
SZ002767,先锋电子,仪器仪表
SZ002768,国恩股份,化工合成材料
SZ002769,普路通,物流
SZ002771,真视通,计算机应用
SZ002772,众兴菌业,种植业与林业
SZ002773,康弘药业,化学制药
SZ002774,快意电梯,专用设备
SZ002775,文科园林,建筑装饰
SZ002776,ST柏龙,服装家纺
SZ002777,久远银海,计算机应用
SZ002778,中晟高科,环保
SZ002779,中坚科技,专用设备
SZ002780,三夫户外,服装家纺
SZ002781,*ST奇信,建筑装饰
SZ002782,可立克,消费电子
SZ002783,凯龙股份,化学制品
SZ002785,万里石,建筑材料
SZ002786,银宝山新,专用设备
SZ002787,华源控股,包装印刷
SZ002788,鹭燕医药,医药商业
SZ002789,建艺集团,建筑装饰
SZ002790,瑞尔特,家用轻工
SZ002791,坚朗五金,建筑材料
SZ002792,通宇通讯,通信设备
SZ002793,罗欣药业,化学制药
SZ002795,永和智控,通用设备
SZ002796,世嘉科技,通信设备
SZ002797,第一创业,证券
SZ002798,帝欧家居,家用轻工
SZ002799,环球印务,包装印刷
SZ002800,天顺股份,物流
SZ002801,微光股份,电力设备
SZ002802,洪汇新材,化学制品
SZ002803,吉宏股份,互联网电商
SZ002805,丰元股份,电力设备
SZ002806,华锋股份,工业金属
SZ002807,江阴银行,银行
SZ002808,恒久科技,光学光电子
SZ002809,红墙股份,化学制品
SZ002810,山东赫达,化学制品
SZ002811,郑中设计,建筑装饰
SZ002812,恩捷股份,电力设备
SZ002813,路畅科技,汽车零部件
SZ002815,崇达技术,半导体及元件
SZ002816,和科达,专用设备
SZ002817,黄山胶囊,医疗器械
SZ002818,富森美,零售
SZ002819,东方中科,仪器仪表
SZ002820,桂发祥,食品加工制造
SZ002821,凯莱英,医疗服务
SZ002822,中装建设,建筑装饰
SZ002823,凯中精密,电力设备
SZ002824,和胜股份,工业金属
SZ002825,纳尔股份,化工合成材料
SZ002826,易明医药,化学制药
SZ002827,高争民爆,化学制品
SZ002828,贝肯能源,油气开采及服务
SZ002829,星网宇达,国防军工
SZ002830,名雕股份,建筑装饰
SZ002831,裕同科技,包装印刷
SZ002832,比音勒芬,服装家纺
SZ002833,弘亚数控,专用设备
SZ002835,同为股份,计算机设备
SZ002836,新宏泽,包装印刷
SZ002837,英维克,专用设备
SZ002838,道恩股份,化工合成材料
SZ002839,张家港行,银行
SZ002840,华统股份,食品加工制造
SZ002841,视源股份,光学光电子
SZ002842,翔鹭钨业,小金属
SZ002843,泰嘉股份,通用设备
SZ002845,同兴达,光学光电子
SZ002846,英联股份,包装印刷
SZ002847,盐津铺子,食品加工制造
SZ002848,高斯贝尔,黑色家电
SZ002849,威星智能,仪器仪表
SZ002850,科达利,电力设备
SZ002851,麦格米特,电力设备
SZ002852,道道全,农产品加工
SZ002853,皮阿诺,家用轻工
SZ002855,捷荣技术,消费电子
SZ002856,美芝股份,建筑装饰
SZ002857,三晖电气,电力设备
SZ002858,力盛体育,其他社会服务
SZ002859,洁美科技,其他电子
SZ002860,星帅尔,白色家电
SZ002861,瀛通通讯,消费电子
SZ002862,实丰文化,家用轻工
SZ002863,今飞凯达,汽车零部件
SZ002864,盘龙药业,中药
SZ002865,钧达股份,电力设备
SZ002866,传艺科技,消费电子
SZ002867,周大生,家用轻工
SZ002868,绿康生化,农业服务
SZ002869,金溢科技,其他电子
SZ002870,香山股份,汽车零部件
SZ002871,伟隆股份,通用设备
SZ002872,ST天圣,化学制药
SZ002873,新天药业,中药
SZ002875,安奈儿,服装家纺
SZ002876,三利谱,光学光电子
SZ002877,智能自控,通用设备
SZ002878,元隆雅图,专业服务
SZ002879,长缆科技,电力设备
SZ002880,卫光生物,生物制品
SZ002881,美格智能,消费电子
SZ002882,金龙羽,电力设备
SZ002883,中设股份,建筑装饰
SZ002884,凌霄泵业,通用设备
SZ002885,京泉华,消费电子
SZ002886,沃特股份,化工合成材料
SZ002887,绿茵生态,环保
SZ002888,惠威科技,消费电子
SZ002889,东方嘉盛,物流
SZ002890,弘宇股份,专用设备
SZ002891,中宠股份,农产品加工
SZ002892,科力尔,电力设备
SZ002893,华通热力,电力
SZ002895,川恒股份,化学制品
SZ002896,中大力德,通用设备
SZ002897,意华股份,通信设备
SZ002898,赛隆药业,化学制药
SZ002899,英派斯,家用轻工
SZ002900,哈三联,化学制药
SZ002901,大博医疗,医疗器械
SZ002902,铭普光磁,通信设备
SZ002903,宇环数控,通用设备
SZ002905,金逸影视,传媒
SZ002906,华阳集团,汽车零部件
SZ002907,华森制药,中药
SZ002908,德生科技,通信设备
SZ002909,集泰股份,化学制品
SZ002910,庄园牧场,食品加工制造
SZ002911,佛燃能源,燃气
SZ002912,中新赛克,计算机设备
SZ002913,奥士康,半导体及元件
SZ002915,中欣氟材,化学制品
SZ002916,深南电路,半导体及元件
SZ002917,金奥博,化学制品
SZ002918,蒙娜丽莎,家用轻工
SZ002919,名臣健康,美容护理
SZ002920,德赛西威,计算机应用
SZ002921,联诚精密,汽车零部件
SZ002922,伊戈尔,其他电子
SZ002923,润都股份,化学制药
SZ002925,盈趣科技,消费电子
SZ002926,华西证券,证券
SZ002927,泰永长征,电力设备
SZ002928,华夏航空,机场航运
SZ002929,润建股份,通信服务
SZ002930,宏川智慧,物流
SZ002931,锋龙股份,通用设备
SZ002932,明德生物,医疗器械
SZ002933,新兴装备,国防军工
SZ002935,天奥电子,国防军工
SZ002936,郑州银行,银行
SZ002937,兴瑞科技,消费电子
SZ002938,鹏鼎控股,半导体及元件
SZ002939,长城证券,证券
SZ002940,昂利康,化学制药
SZ002941,新疆交建,建筑装饰
SZ002942,新农股份,化学制品
SZ002943,宇晶股份,通用设备
SZ002945,华林证券,证券
SZ002946,新乳业,食品加工制造
SZ002947,恒铭达,消费电子
SZ002948,青岛银行,银行
SZ002949,华阳国际,建筑装饰
SZ002950,奥美医疗,医疗器械
SZ002951,金时科技,包装印刷
SZ002952,亚世光电,光学光电子
SZ002953,日丰股份,电力设备
SZ002955,鸿合科技,光学光电子
SZ002956,西麦食品,食品加工制造
SZ002957,科瑞技术,自动化设备
SZ002958,青农商行,银行
SZ002959,小熊电器,小家电
SZ002960,青鸟消防,专用设备
SZ002961,瑞达期货,保险及其他
SZ002962,五方光电,光学光电子
SZ002963,豪尔赛,建筑装饰
SZ002965,祥鑫科技,通用设备
SZ002966,苏州银行,银行
SZ002967,广电计量,专业服务
SZ002968,新大正,房地产服务
SZ002969,嘉美包装,包装印刷
SZ002970,锐明技术,计算机设备
SZ002971,和远气体,化学制品
SZ002972,科安达,非汽车交运
SZ002973,侨银股份,环保
SZ002975,博杰股份,自动化设备
SZ002976,瑞玛精密,汽车零部件
SZ002977,天箭科技,国防军工
SZ002978,安宁股份,小金属
SZ002979,雷赛智能,自动化设备
SZ002980,华盛昌,电力设备
SZ002981,朝阳科技,消费电子
SZ002982,湘佳股份,养殖业
SZ002983,芯瑞达,光学光电子
SZ002984,森麒麟,汽车零部件
SZ002985,北摩高科,国防军工
SZ002986,宇新股份,石油加工贸易
SZ002987,京北方,计算机应用
SZ002988,豪美新材,工业金属
SZ002989,中天精装,建筑装饰
SZ002990,盛视科技,计算机设备
SZ002991,甘源食品,食品加工制造
SZ002992,宝明科技,光学光电子
SZ002993,奥海科技,消费电子
SZ002995,天地在线,传媒
SZ002996,顺博合金,工业金属
SZ002997,瑞鹄模具,汽车零部件
SZ002998,优彩资源,化工合成材料
SZ002999,天禾股份,化学制品
SZ003000,劲仔食品,食品加工制造
SZ003001,中岩大地,建筑装饰
SZ003002,壶化股份,化学制品
SZ003003,天元股份,包装印刷
SZ003004,声迅股份,计算机设备
SZ003005,竞业达,计算机应用
SZ003006,百亚股份,美容护理
SZ003007,直真科技,计算机应用
SZ003008,开普检测,专业服务
SZ003009,中天火箭,国防军工
SZ003010,若羽臣,互联网电商
SZ003011,海象新材,家用轻工
SZ003012,东鹏控股,家用轻工
SZ003013,地铁设计,建筑装饰
SZ003015,日久光电,光学光电子
SZ003016,欣贺股份,服装家纺
SZ003017,大洋生物,化学原料
SZ003018,金富科技,包装印刷
SZ003019,宸展光电,光学光电子
SZ003020,立方制药,化学制药
SZ003021,兆威机电,电力设备
SZ003022,联泓新科,电力设备
SZ003023,彩虹集团,小家电
SZ003025,思进智能,通用设备
SZ003026,中晶科技,半导体及元件
SZ003027,同兴环保,环保
SZ003028,振邦智能,消费电子
SZ003029,吉大正元,计算机应用
SZ003030,祖名股份,农产品加工
SZ003031,中瓷电子,通信设备
SZ003032,传智教育,教育
SZ003033,征和工业,非汽车交运
SZ003035,南网能源,电力
SZ003036,泰坦股份,专用设备
SZ003037,三和管桩,建筑材料
SZ003038,鑫铂股份,工业金属
SZ003039,顺控发展,环保
SZ003040,楚天龙,通信设备
SZ003041,真爱美家,服装家纺
SZ003042,中农联合,化学制品
SZ003043,华亚智能,半导体及元件
SZ003816,中国广核,电力
SZ300001,特锐德,电力设备
SZ300002,神州泰岳,传媒
SZ300003,乐普医疗,医疗器械
SZ300004,南风股份,专用设备
SZ300005,探路者,服装家纺
SZ300006,莱美药业,化学制药
SZ300007,汉威科技,仪器仪表
SZ300008,天海防务,国防军工
SZ300009,安科生物,生物制品
SZ300010,豆神教育,教育
SZ300011,鼎汉技术,非汽车交运
SZ300012,华测检测,专业服务
SZ300013,新宁物流,物流
SZ300014,亿纬锂能,电力设备
SZ300015,爱尔眼科,医疗服务
SZ300016,北陆药业,化学制药
SZ300017,网宿科技,计算机应用
SZ300018,中元股份,电力设备
SZ300019,硅宝科技,化学制品
SZ300020,银江技术,计算机应用
SZ300021,大禹节水,农业服务
SZ300022,吉峰科技,零售
SZ300024,机器人,自动化设备
SZ300025,华星创业,通信服务
SZ300026,红日药业,中药
SZ300027,华谊兄弟,传媒
SZ300029,ST天龙,电力设备
SZ300030,阳普医疗,医疗器械
SZ300031,宝通科技,传媒
SZ300032,金龙机电,消费电子
SZ300033,同花顺,计算机应用
SZ300034,钢研高纳,国防军工
SZ300035,中科电气,电力设备
SZ300036,超图软件,计算机应用
SZ300037,新宙邦,电力设备
SZ300039,上海凯宝,中药
SZ300040,九洲集团,电力设备
SZ300041,回天新材,化学制品
SZ300042,朗科科技,计算机设备
SZ300043,星辉娱乐,传媒
SZ300044,赛为智能,计算机应用
SZ300045,华力创通,国防军工
SZ300046,台基股份,半导体及元件
SZ300047,天源迪科,计算机应用
SZ300048,合康新能,自动化设备
SZ300049,福瑞股份,医疗器械
SZ300050,世纪鼎利,通信服务
SZ300051,三五互联,传媒
SZ300052,中青宝,传媒
SZ300053,欧比特,半导体及元件
SZ300054,鼎龙股份,电子化学品
SZ300055,万邦达,石油加工贸易
SZ300056,中创环保,环保
SZ300057,万顺新材,工业金属
SZ300058,蓝色光标,传媒
SZ300059,东方财富,证券
SZ300061,旗天科技,传媒
SZ300062,中能电气,电力设备
SZ300063,天龙集团,传媒
SZ300065,海兰信,国防军工
SZ300066,三川智慧,仪器仪表
SZ300067,安诺其,化学制品
SZ300068,南都电源,电力设备
SZ300069,金利华电,电力设备
SZ300070,碧水源,环保
SZ300071,福石控股,传媒
SZ300072,三聚环保,环保
SZ300073,当升科技,电力设备
SZ300074,华平股份,计算机应用
SZ300075,数字政通,计算机应用
SZ300076,GQY视讯,光学光电子
SZ300077,国民技术,半导体及元件
SZ300078,思创医惠,计算机应用
SZ300079,数码视讯,计算机应用
SZ300080,易成新能,电力设备
SZ300081,恒信东方,通信服务
SZ300082,奥克股份,化学原料
SZ300083,创世纪,通用设备
SZ300084,海默科技,专用设备
SZ300085,银之杰,计算机应用
SZ300086,康芝药业,化学制药
SZ300087,荃银高科,种植业与林业
SZ300088,长信科技,光学光电子
SZ300089,*ST文化,教育
SZ300091,金通灵,通用设备
SZ300092,科新机电,通用设备
SZ300093,金刚玻璃,建筑材料
SZ300094,国联水产,养殖业
SZ300095,华伍股份,通用设备
SZ300096,易联众,计算机应用
SZ300097,智云股份,自动化设备
SZ300098,高新兴,计算机应用
SZ300099,精准信息,专用设备
SZ300100,双林股份,汽车零部件
SZ300101,振芯科技,国防军工
SZ300102,乾照光电,光学光电子
SZ300103,达刚控股,环保
SZ300105,龙源技术,电力设备
SZ300106,西部牧业,食品加工制造
SZ300107,建新股份,化学制品
SZ300108,*ST吉药,中药
SZ300109,新开源,医疗服务
SZ300110,华仁药业,化学制药
SZ300111,向日葵,化学制药
SZ300112,万讯自控,仪器仪表
SZ300113,顺网科技,通信服务
SZ300114,中航电测,国防军工
SZ300115,长盈精密,消费电子
SZ300116,保力新,电力设备
SZ300117,嘉寓股份,建筑装饰
SZ300118,东方日升,电力设备
SZ300119,瑞普生物,农业服务
SZ300120,经纬辉开,光学光电子
SZ300121,阳谷华泰,化工合成材料
SZ300122,智飞生物,生物制品
SZ300123,亚光科技,国防军工
SZ300124,汇川技术,自动化设备
SZ300125,聆达股份,电力设备
SZ300126,锐奇股份,通用设备
SZ300127,银河磁体,金属新材料
SZ300128,锦富技术,光学光电子
SZ300129,泰胜风能,电力设备
SZ300130,新国都,计算机设备
SZ300131,英唐智控,消费电子
SZ300132,青松股份,美容护理
SZ300133,华策影视,传媒
SZ300134,大富科技,通信设备
SZ300135,宝利国际,石油加工贸易
SZ300136,信维通信,消费电子
SZ300137,先河环保,环保
SZ300138,晨光生物,农产品加工
SZ300139,晓程科技,贵金属
SZ300140,中环装备,环保
SZ300141,和顺电气,电力设备
SZ300142,沃森生物,生物制品
SZ300143,盈康生命,医疗服务
SZ300144,宋城演艺,景点及旅游
SZ300145,中金环境,通用设备
SZ300146,汤臣倍健,食品加工制造
SZ300147,香雪制药,中药
SZ300148,天舟文化,传媒
SZ300149,睿智医药,医疗服务
SZ300150,世纪瑞尔,计算机应用
SZ300151,昌红科技,专用设备
SZ300152,科融环境,环保
SZ300153,科泰电源,电力设备
SZ300154,瑞凌股份,通用设备
SZ300155,安居宝,计算机设备
SZ300157,恒泰艾普,油气开采及服务
SZ300158,振东制药,化学制药
SZ300159,ST新研,国防军工
SZ300160,秀强股份,白色家电
SZ300161,华中数控,通用设备
SZ300162,雷曼光电,光学光电子
SZ300163,先锋新材,化学制品
SZ300164,通源石油,油气开采及服务
SZ300165,天瑞仪器,仪器仪表
SZ300166,东方国信,计算机应用
SZ300167,迪威迅,计算机应用
SZ300168,万达信息,计算机应用
SZ300169,天晟新材,化学制品
SZ300170,汉得信息,计算机应用
SZ300171,东富龙,医疗器械
SZ300172,中电环保,环保
SZ300173,福能东方,电力设备
SZ300174,元力股份,化学制品
SZ300175,朗源股份,农产品加工
SZ300176,派生科技,汽车零部件
SZ300177,中海达,国防军工
SZ300179,四方达,通用设备
SZ300180,华峰超纤,化工合成材料
SZ300181,佐力药业,中药
SZ300182,捷成股份,传媒
SZ300183,东软载波,通信设备
SZ300184,力源信息,其他电子
SZ300185,通裕重工,电力设备
SZ300187,永清环保,环保
SZ300188,美亚柏科,计算机应用
SZ300189,神农科技,种植业与林业
SZ300190,维尔利,环保
SZ300191,潜能恒信,油气开采及服务
SZ300192,科德教育,教育
SZ300193,佳士科技,通用设备
SZ300194,福安药业,化学制药
SZ300195,长荣股份,专用设备
SZ300196,长海股份,建筑材料
SZ300197,节能铁汉,环保
SZ300198,纳川股份,建筑材料
SZ300199,翰宇药业,化学制药
SZ300200,高盟新材,化学制品
SZ300201,*ST海伦,专用设备
SZ300203,聚光科技,仪器仪表
SZ300204,舒泰神,生物制品
SZ300205,天喻信息,通信设备
SZ300206,理邦仪器,医疗器械
SZ300207,欣旺达,电力设备
SZ300208,青岛中程,综合
SZ300209,天泽信息,互联网电商
SZ300210,森远股份,专用设备
SZ300211,亿通科技,通信服务
SZ300212,易华录,计算机应用
SZ300213,佳讯飞鸿,通信设备
SZ300214,日科化学,化工合成材料
SZ300215,电科院,专业服务
SZ300217,东方电热,白色家电
SZ300218,安利股份,化工合成材料
SZ300219,鸿利智汇,光学光电子
SZ300220,金运激光,自动化设备
SZ300221,银禧科技,化工合成材料
SZ300222,科大智能,电力设备
SZ300223,北京君正,半导体及元件
SZ300224,正海磁材,金属新材料
SZ300225,金力泰,化学制品
SZ300226,上海钢联,计算机应用
SZ300227,光韵达,自动化设备
SZ300228,富瑞特装,通用设备
SZ300229,拓尔思,计算机应用
SZ300230,永利股份,化工合成材料
SZ300231,银信科技,计算机应用
SZ300232,洲明科技,光学光电子
SZ300233,金城医药,化学制药
SZ300234,开尔新材,建筑材料
SZ300235,方直科技,计算机应用
SZ300236,上海新阳,电子化学品
SZ300237,美晨生态,建筑装饰
SZ300238,冠昊生物,医疗器械
SZ300239,东宝生物,生物制品
SZ300240,飞力达,物流
SZ300241,瑞丰光电,光学光电子
SZ300242,佳云科技,传媒
SZ300243,瑞丰高材,化工合成材料
SZ300244,迪安诊断,医疗服务
SZ300245,天玑科技,计算机应用
SZ300246,宝莱特,医疗器械
SZ300247,融捷健康,小家电
SZ300248,新开普,计算机应用
SZ300249,依米康,计算机设备
SZ300250,初灵信息,计算机应用
SZ300251,光线传媒,传媒
SZ300252,金信诺,国防军工
SZ300253,卫宁健康,计算机应用
SZ300254,仟源医药,化学制药
SZ300255,常山药业,化学制药
SZ300256,*ST星星,消费电子
SZ300257,开山股份,通用设备
SZ300258,精锻科技,汽车零部件
SZ300259,新天科技,仪器仪表
SZ300260,新莱应材,包装印刷
SZ300261,雅本化学,化学制品
SZ300262,巴安水务,环保
SZ300263,隆华科技,通用设备
SZ300264,佳创视讯,计算机应用
SZ300265,通光线缆,电力设备
SZ300266,兴源环境,环保
SZ300267,尔康制药,化学制药
SZ300268,佳沃食品,农产品加工
SZ300269,ST联建,光学光电子
SZ300270,中威电子,计算机设备
SZ300271,华宇软件,计算机应用
SZ300272,开能健康,小家电
SZ300273,*ST和佳,医疗器械
SZ300274,阳光电源,电力设备
SZ300275,梅安森,专用设备
SZ300276,三丰智能,自动化设备
SZ300277,海联讯,计算机应用
SZ300278,华昌达,自动化设备
SZ300279,和晶科技,消费电子
SZ300280,紫天科技,传媒
SZ300281,金明精机,专用设备
SZ300282,ST三盛,教育
SZ300283,温州宏丰,电力设备
SZ300284,苏交科,建筑装饰
SZ300285,国瓷材料,化学制品
SZ300286,安科瑞,电力设备
SZ300287,飞利信,计算机应用
SZ300288,朗玛信息,计算机应用
SZ300289,利德曼,医疗器械
SZ300290,荣科科技,计算机应用
SZ300291,百纳千成,传媒
SZ300292,吴通控股,通信服务
SZ300293,蓝英装备,专用设备
SZ300294,博雅生物,生物制品
SZ300295,三六五网,传媒
SZ300296,利亚德,光学光电子
SZ300297,*ST蓝盾,计算机应用
SZ300298,三诺生物,医疗器械
SZ300299,富春股份,传媒
SZ300300,海峡创新,计算机应用
SZ300301,*ST长方,光学光电子
SZ300302,同有科技,计算机设备
SZ300303,聚飞光电,光学光电子
SZ300304,云意电气,汽车零部件
SZ300305,裕兴股份,化工合成材料
SZ300306,远方信息,仪器仪表
SZ300307,慈星股份,专用设备
SZ300308,中际旭创,通信设备
SZ300309,*ST吉艾,保险及其他
SZ300310,宜通世纪,通信服务
SZ300311,任子行,计算机应用
SZ300313,ST天山,养殖业
SZ300314,戴维医疗,医疗器械
SZ300315,掌趣科技,传媒
SZ300316,晶盛机电,电力设备
SZ300317,珈伟新能,电力
SZ300318,博晖创新,医疗器械
SZ300319,麦捷科技,半导体及元件
SZ300320,海达股份,化工合成材料
SZ300321,同大股份,化工合成材料
SZ300322,硕贝德,消费电子
SZ300323,华灿光电,光学光电子
SZ300324,旋极信息,计算机设备
SZ300326,凯利泰,医疗器械
SZ300327,中颖电子,半导体及元件
SZ300328,宜安科技,小金属
SZ300329,海伦钢琴,家用轻工
SZ300330,华虹计通,计算机设备
SZ300331,苏大维格,光学光电子
SZ300332,天壕环境,燃气
SZ300333,兆日科技,计算机设备
SZ300334,津膜科技,化工合成材料
SZ300335,迪森股份,电力
SZ300336,*ST新文,传媒
SZ300337,银邦股份,工业金属
SZ300338,ST开元,教育
SZ300339,润和软件,计算机应用
SZ300340,科恒股份,电力设备
SZ300341,麦克奥迪,仪器仪表
SZ300342,天银机电,白色家电
SZ300343,联创股份,化学制品
SZ300344,立方数科,计算机应用
SZ300345,华民股份,通用设备
SZ300346,南大光电,电子化学品
SZ300347,泰格医药,医疗服务
SZ300348,长亮科技,计算机应用
SZ300349,金卡智能,仪器仪表
SZ300350,华鹏飞,计算机应用
SZ300351,永贵电器,非汽车交运
SZ300352,北信源,计算机应用
SZ300353,东土科技,通信设备
SZ300354,东华测试,仪器仪表
SZ300355,蒙草生态,环保
SZ300356,*ST光一,电力设备
SZ300357,我武生物,生物制品
SZ300358,楚天科技,医疗器械
SZ300359,全通教育,教育
SZ300360,炬华科技,电力设备
SZ300363,博腾股份,医疗服务
SZ300364,中文在线,传媒
SZ300365,恒华科技,计算机应用
SZ300366,创意信息,计算机应用
SZ300368,汇金股份,计算机设备
SZ300369,绿盟科技,计算机应用
SZ300370,*ST安控,仪器仪表
SZ300371,汇中股份,仪器仪表
SZ300373,扬杰科技,半导体及元件
SZ300374,中铁装配,建筑材料
SZ300375,鹏翎股份,汽车零部件
SZ300376,易事特,电力设备
SZ300377,赢时胜,计算机应用
SZ300378,鼎捷软件,计算机应用
SZ300379,东方通,计算机应用
SZ300380,安硕信息,计算机应用
SZ300381,溢多利,化学制药
SZ300382,斯莱克,专用设备
SZ300383,光环新网,计算机应用
SZ300384,三联虹普,建筑装饰
SZ300385,雪浪环境,环保
SZ300386,飞天诚信,计算机设备
SZ300387,富邦股份,化学制品
SZ300388,节能国祯,环保
SZ300389,艾比森,光学光电子
SZ300390,天华超净,电力设备
SZ300391,康跃科技,中药
SZ300392,*ST腾信,传媒
SZ300393,中来股份,电力设备
SZ300394,天孚通信,通信设备
SZ300395,菲利华,国防军工
SZ300396,迪瑞医疗,医疗器械
SZ300397,天和防务,国防军工
SZ300398,飞凯材料,电子化学品
SZ300399,天利科技,计算机应用
SZ300400,劲拓股份,自动化设备
SZ300401,花园生物,化学制药
SZ300402,宝色股份,通用设备
SZ300403,汉宇集团,白色家电
SZ300404,博济医药,医疗服务
SZ300405,科隆股份,化学制品
SZ300406,九强生物,医疗器械
SZ300407,凯发电气,电力设备
SZ300408,三环集团,半导体及元件
SZ300409,道氏技术,电力设备
SZ300410,正业科技,仪器仪表
SZ300411,金盾股份,专用设备
SZ300412,迦南科技,专用设备
SZ300413,芒果超媒,传媒
SZ300414,中光防雷,通信设备
SZ300415,伊之密,专用设备
SZ300416,苏试试验,专业服务
SZ300417,南华仪器,仪器仪表
SZ300418,昆仑万维,传媒
SZ300419,浩丰科技,计算机应用
SZ300420,五洋停车,通用设备
SZ300421,力星股份,通用设备
SZ300422,博世科,环保
SZ300423,N辉科技,电力设备
SZ300424,航新科技,国防军工
SZ300425,中建环能,环保
SZ300426,唐德影视,传媒
SZ300427,红相股份,电力设备
SZ300428,立中集团,汽车零部件
SZ300429,强力新材,电子化学品
SZ300430,诚益通,通用设备
SZ300432,富临精工,汽车零部件
SZ300433,蓝思科技,消费电子
SZ300434,金石亚药,化学制药
SZ300435,中泰股份,燃气
SZ300436,广生堂,化学制药
SZ300437,清水源,化学制品
SZ300438,鹏辉能源,电力设备
SZ300439,美康生物,医疗器械
SZ300440,运达科技,计算机应用
SZ300441,鲍斯股份,通用设备
SZ300442,普丽盛,包装印刷
SZ300443,金雷股份,电力设备
SZ300444,双杰电气,电力设备
SZ300445,康斯特,仪器仪表
SZ300446,乐凯新材,电子化学品
SZ300447,全信股份,国防军工
SZ300448,浩云科技,计算机应用
SZ300449,汉邦高科,计算机设备
SZ300450,先导智能,电力设备
SZ300451,创业慧康,计算机应用
SZ300452,山河药辅,化学制药
SZ300453,三鑫医疗,医疗器械
SZ300454,深信服,计算机应用
SZ300455,康拓红外,计算机设备
SZ300456,赛微电子,半导体及元件
SZ300457,赢合科技,电力设备
SZ300458,全志科技,半导体及元件
SZ300459,汤姆猫,传媒
SZ300460,惠伦晶体,半导体及元件
SZ300461,田中精机,自动化设备
SZ300462,华铭智能,计算机设备
SZ300463,迈克生物,医疗器械
SZ300464,星徽股份,互联网电商
SZ300465,高伟达,计算机应用
SZ300466,赛摩智能,电力设备
SZ300467,迅游科技,传媒
SZ300468,四方精创,计算机应用
SZ300469,信息发展,计算机应用
SZ300470,中密控股,通用设备
SZ300471,厚普股份,专用设备
SZ300472,新元科技,专用设备
SZ300473,德尔股份,汽车零部件
SZ300474,景嘉微,国防军工
SZ300475,香农芯创,其他电子
SZ300476,胜宏科技,半导体及元件
SZ300477,合纵科技,电力设备
SZ300478,杭州高新,化工合成材料
SZ300479,神思电子,计算机设备
SZ300480,光力科技,专用设备
SZ300481,濮阳惠成,电子化学品
SZ300482,万孚生物,医疗器械
SZ300483,首华燃气,油气开采及服务
SZ300484,蓝海华腾,自动化设备
SZ300485,赛升药业,生物制品
SZ300486,东杰智能,自动化设备
SZ300487,蓝晓科技,化工合成材料
SZ300488,恒锋工具,通用设备
SZ300489,光智科技,工业金属
SZ300490,华自科技,电力设备
SZ300491,通合科技,电力设备
SZ300492,华图山鼎,建筑装饰
SZ300493,润欣科技,其他电子
SZ300494,盛天网络,传媒
SZ300495,*ST美尚,环保
SZ300496,中科创达,计算机应用
SZ300497,富祥药业,化学制药
SZ300498,温氏股份,养殖业
SZ300499,高澜股份,专用设备
SZ300500,启迪设计,建筑装饰
SZ300501,海顺新材,包装印刷
SZ300502,新易盛,通信设备
SZ300503,昊志机电,通用设备
SZ300504,天邑股份,通信设备
SZ300505,川金诺,化学制品
SZ300506,名家汇,建筑装饰
SZ300507,苏奥传感,汽车零部件
SZ300508,维宏股份,计算机设备
SZ300509,新美星,专用设备
SZ300510,金冠股份,电力设备
SZ300511,雪榕生物,种植业与林业
SZ300512,中亚股份,专用设备
SZ300513,恒实科技,通信服务
SZ300514,友讯达,电力设备
SZ300515,三德科技,仪器仪表
SZ300516,久之洋,其他电子
SZ300517,海波重科,建筑装饰
SZ300518,盛讯达,传媒
SZ300519,新光药业,中药
SZ300520,科大国创,计算机应用
SZ300521,爱司凯,专用设备
SZ300522,世名科技,化学制品
SZ300523,辰安科技,计算机应用
SZ300525,博思软件,计算机应用
SZ300526,*ST中潜,服装家纺
SZ300527,中船应急,国防军工
SZ300528,幸福蓝海,传媒
SZ300529,健帆生物,医疗器械
SZ300530,达志科技,化学制品
SZ300531,优博讯,计算机设备
SZ300532,今天国际,计算机应用
SZ300533,冰川网络,传媒
SZ300534,陇神戎发,中药
SZ300535,达威股份,化学制品
SZ300536,农尚环境,建筑装饰
SZ300537,广信材料,电子化学品
SZ300538,同益股份,化工合成材料
SZ300539,横河精密,化工合成材料
SZ300540,蜀道装备,专用设备
SZ300541,先进数通,计算机应用
SZ300542,新晨科技,计算机应用
SZ300543,朗科智能,消费电子
SZ300545,联得装备,光学光电子
SZ300546,雄帝科技,计算机设备
SZ300547,川环科技,汽车零部件
SZ300548,博创科技,通信设备
SZ300549,优德精密,专用设备
SZ300550,和仁科技,计算机应用
SZ300551,古鳌科技,计算机设备
SZ300552,万集科技,计算机设备
SZ300553,集智股份,仪器仪表
SZ300554,三超新材,通用设备
SZ300555,路通视信,通信设备
SZ300556,丝路视觉,计算机应用
SZ300557,理工光科,仪器仪表
SZ300558,贝达药业,化学制药
SZ300559,佳发教育,计算机应用
SZ300560,中富通,通信服务
SZ300561,汇金科技,计算机应用
SZ300562,乐心医疗,医疗器械
SZ300563,神宇股份,通信设备
SZ300564,筑博设计,建筑装饰
SZ300565,科信技术,通信设备
SZ300566,激智科技,光学光电子
SZ300567,精测电子,仪器仪表
SZ300568,星源材质,电力设备
SZ300569,天能重工,电力设备
SZ300570,太辰光,通信设备
SZ300571,平治信息,传媒
SZ300572,安车检测,专业服务
SZ300573,兴齐眼药,化学制药
SZ300575,中旗股份,化学制品
SZ300576,容大感光,电子化学品
SZ300577,开润股份,纺织制造
SZ300578,会畅通讯,通信服务
SZ300579,数字认证,计算机应用
SZ300580,贝斯特,汽车零部件
SZ300581,晨曦航空,国防军工
SZ300582,英飞特,光学光电子
SZ300583,赛托生物,化学制药
SZ300584,海辰药业,化学制药
SZ300585,奥联电子,汽车零部件
SZ300586,美联新材,化工合成材料
SZ300587,天铁股份,化工合成材料
SZ300588,熙菱信息,计算机设备
SZ300589,江龙船艇,国防军工
SZ300590,移为通信,通信设备
SZ300591,万里马,服装家纺
SZ300592,华凯易佰,互联网电商
SZ300593,新雷能,电力设备
SZ300594,朗进科技,非汽车交运
SZ300595,欧普康视,医疗器械
SZ300596,利安隆,化学制品
SZ300597,吉大通信,通信服务
SZ300598,诚迈科技,计算机应用
SZ300599,雄塑科技,建筑材料
SZ300600,国瑞科技,国防军工
SZ300601,康泰生物,生物制品
SZ300602,飞荣达,消费电子
SZ300603,立昂技术,通信服务
SZ300604,长川科技,半导体及元件
SZ300605,恒锋信息,计算机应用
SZ300606,金太阳,通用设备
SZ300607,拓斯达,自动化设备
SZ300608,思特奇,计算机应用
SZ300609,汇纳科技,计算机应用
SZ300610,晨化股份,化学制品
SZ300611,美力科技,汽车零部件
SZ300612,宣亚国际,传媒
SZ300613,富瀚微,半导体及元件
SZ300614,百川畅银,环保
SZ300615,欣天科技,通信设备
SZ300616,尚品宅配,家用轻工
SZ300617,安靠智电,电力设备
SZ300618,寒锐钴业,小金属
SZ300619,金银河,电力设备
SZ300620,光库科技,通信设备
SZ300621,维业股份,建筑装饰
SZ300622,博士眼镜,零售
SZ300623,捷捷微电,半导体及元件
SZ300624,万兴科技,计算机应用
SZ300625,三雄极光,光学光电子
SZ300626,华瑞股份,电力设备
SZ300627,华测导航,通信设备
SZ300628,亿联网络,通信设备
SZ300629,新劲刚,国防军工
SZ300630,普利制药,化学制药
SZ300631,久吾高科,环保
SZ300632,光莆股份,光学光电子
SZ300633,开立医疗,医疗器械
SZ300634,彩讯股份,计算机应用
SZ300635,中达安,建筑装饰
SZ300636,同和药业,化学制药
SZ300637,扬帆新材,电子化学品
SZ300638,广和通,通信设备
SZ300639,凯普生物,医疗器械
SZ300640,德艺文创,家用轻工
SZ300641,正丹股份,化学制品
SZ300642,透景生命,医疗器械
SZ300643,万通智控,汽车零部件
SZ300644,南京聚隆,化工合成材料
SZ300645,正元智慧,计算机设备
SZ300647,超频三,光学光电子
SZ300648,星云股份,电力设备
SZ300649,杭州园林,建筑装饰
SZ300650,太龙股份,其他电子
SZ300651,金陵体育,家用轻工
SZ300652,雷迪克,汽车零部件
SZ300653,正海生物,医疗器械
SZ300654,世纪天鸿,传媒
SZ300655,晶瑞电材,电子化学品
SZ300656,民德电子,其他电子
SZ300657,弘信电子,半导体及元件
SZ300658,延江股份,美容护理
SZ300659,中孚信息,计算机设备
SZ300660,江苏雷利,电力设备
SZ300661,圣邦股份,半导体及元件
SZ300662,科锐国际,专业服务
SZ300663,科蓝软件,计算机应用
SZ300664,鹏鹞环保,环保
SZ300665,飞鹿股份,化学制品
SZ300666,江丰电子,半导体及元件
SZ300667,必创科技,仪器仪表
SZ300668,杰恩设计,建筑装饰
SZ300669,沪宁股份,专用设备
SZ300670,大烨智能,电力设备
SZ300671,富满微,半导体及元件
SZ300672,国科微,半导体及元件
SZ300673,佩蒂股份,农产品加工
SZ300674,宇信科技,计算机应用
SZ300675,建科院,建筑装饰
SZ300676,华大基因,医疗器械
SZ300677,英科医疗,医疗器械
SZ300678,中科信息,计算机应用
SZ300679,电连技术,消费电子
SZ300680,隆盛科技,汽车零部件
SZ300681,英搏尔,汽车零部件
SZ300682,朗新科技,计算机应用
SZ300683,海特生物,生物制品
SZ300684,中石科技,消费电子
SZ300685,艾德生物,医疗器械
SZ300686,智动力,消费电子
SZ300687,赛意信息,计算机应用
SZ300688,创业黑马,教育
SZ300689,澄天伟业,通信设备
SZ300690,双一科技,电力设备
SZ300691,联合光电,计算机设备
SZ300692,中环环保,环保
SZ300693,盛弘股份,电力设备
SZ300694,蠡湖股份,汽车零部件
SZ300695,兆丰股份,汽车零部件
SZ300696,爱乐达,国防军工
SZ300697,电工合金,工业金属
SZ300698,万马科技,通信设备
SZ300699,光威复材,国防军工
SZ300700,岱勒新材,通用设备
SZ300701,森霸传感,光学光电子
SZ300702,天宇股份,化学制药
SZ300703,创源股份,家用轻工
SZ300705,九典制药,化学制药
SZ300706,阿石创,半导体及元件
SZ300707,威唐工业,汽车零部件
SZ300708,聚灿光电,光学光电子
SZ300709,精研科技,消费电子
SZ300710,万隆光电,通信设备
SZ300711,广哈通信,通信设备
SZ300712,永福股份,建筑装饰
SZ300713,英可瑞,电力设备
SZ300715,凯伦股份,建筑材料
SZ300716,国立科技,化工合成材料
SZ300717,华信新材,化工合成材料
SZ300718,长盛轴承,专用设备
SZ300719,安达维尔,国防军工
SZ300720,海川智能,仪器仪表
SZ300721,怡达股份,化学制品
SZ300722,新余国科,国防军工
SZ300723,一品红,化学制药
SZ300724,捷佳伟创,电力设备
SZ300725,药石科技,医疗服务
SZ300726,宏达电子,国防军工
SZ300727,润禾材料,化学制品
SZ300729,乐歌股份,家用轻工
SZ300730,科创信息,计算机应用
SZ300731,科创新源,化工合成材料
SZ300732,设研院,建筑装饰
SZ300733,西菱动力,汽车零部件
SZ300735,光弘科技,消费电子
SZ300736,百邦科技,其他电子
SZ300737,科顺股份,建筑材料
SZ300738,奥飞数据,计算机应用
SZ300739,明阳电路,半导体及元件
SZ300740,水羊股份,美容护理
SZ300741,华宝股份,化学制品
SZ300742,越博动力,汽车零部件
SZ300743,天地数码,计算机设备
SZ300745,欣锐科技,汽车零部件
SZ300746,汉嘉设计,建筑装饰
SZ300747,锐科激光,自动化设备
SZ300748,金力永磁,金属新材料
SZ300749,顶固集创,家用轻工
SZ300750,宁德时代,电力设备
SZ300751,迈为股份,电力设备
SZ300752,隆利科技,光学光电子
SZ300753,爱朋医疗,医疗器械
SZ300755,华致酒行,零售
SZ300756,金马游乐,专用设备
SZ300757,罗博特科,自动化设备
SZ300758,七彩化学,化学制品
SZ300759,康龙化成,医疗服务
SZ300760,迈瑞医疗,医疗器械
SZ300761,立华股份,养殖业
SZ300762,上海瀚讯,国防军工
SZ300763,锦浪科技,电力设备
SZ300765,新诺威,化学制药
SZ300766,每日互动,计算机应用
SZ300767,震安科技,化工合成材料
SZ300768,迪普科技,计算机应用
SZ300769,德方纳米,电力设备
SZ300770,新媒股份,传媒
SZ300771,智莱科技,计算机设备
SZ300772,运达股份,电力设备
SZ300773,拉卡拉,保险及其他
SZ300774,倍杰特,环保
SZ300775,三角防务,国防军工
SZ300776,帝尔激光,电力设备
SZ300777,中简科技,国防军工
SZ300778,新城市,建筑装饰
SZ300779,惠城环保,环保
SZ300780,德恩精工,通用设备
SZ300781,因赛集团,传媒
SZ300782,卓胜微,半导体及元件
SZ300783,三只松鼠,食品加工制造
SZ300785,值得买,传媒
SZ300786,国林科技,环保
SZ300787,海能实业,消费电子
SZ300788,中信出版,传媒
SZ300789,唐源电气,计算机设备
SZ300790,宇瞳光学,计算机设备
SZ300791,仙乐健康,食品加工制造
SZ300792,壹网壹创,互联网电商
SZ300793,佳禾智能,消费电子
SZ300795,米奥会展,专业服务
SZ300796,贝斯美,化学制品
SZ300797,钢研纳克,专业服务
SZ300798,锦鸡股份,化学制品
SZ300799,左江科技,计算机应用
SZ300800,力合科技,环保
SZ300801,泰和科技,化学制品
SZ300802,矩子科技,自动化设备
SZ300803,指南针,计算机应用
SZ300805,电声股份,传媒
SZ300806,斯迪克,化工合成材料
SZ300807,天迈科技,计算机设备
SZ300808,久量股份,光学光电子
SZ300809,华辰装备,通用设备
SZ300810,中科海讯,国防军工
SZ300811,铂科新材,金属新材料
SZ300812,易天股份,半导体及元件
SZ300813,泰林生物,专用设备
SZ300814,中富电路,半导体及元件
SZ300815,玉禾田,环保
SZ300816,艾可蓝,汽车零部件
SZ300817,双飞股份,通用设备
SZ300818,耐普矿机,通用设备
SZ300819,聚杰微纤,纺织制造
SZ300820,英杰电气,电力设备
SZ300821,东岳硅材,化学制品
SZ300822,贝仕达克,消费电子
SZ300823,建科机械,专用设备
SZ300824,北鼎股份,小家电
SZ300825,阿尔特,汽车服务
SZ300826,测绘股份,建筑装饰
SZ300827,上能电气,电力设备
SZ300828,锐新科技,通用设备
SZ300829,金丹科技,化学制品
SZ300830,金现代,计算机应用
SZ300831,派瑞股份,半导体及元件
SZ300832,新产业,医疗器械
SZ300833,浩洋股份,专用设备
SZ300834,星辉环材,化工合成材料
SZ300835,龙磁科技,金属新材料
SZ300836,佰奥智能,专用设备
SZ300837,浙矿股份,专用设备
SZ300838,浙江力诺,通用设备
SZ300839,博汇股份,石油加工贸易
SZ300840,酷特智能,服装家纺
SZ300841,康华生物,生物制品
SZ300842,帝科股份,电力设备
SZ300843,胜蓝股份,消费电子
SZ300844,山水比德,建筑装饰
SZ300845,捷安高科,计算机设备
SZ300846,首都在线,计算机应用
SZ300847,中船汉光,化学制品
SZ300848,美瑞新材,化学制品
SZ300849,锦盛新材,美容护理
SZ300850,新强联,电力设备
SZ300851,交大思诺,非汽车交运
SZ300852,四会富仕,半导体及元件
SZ300853,申昊科技,自动化设备
SZ300854,中兰环保,环保
SZ300855,图南股份,金属新材料
SZ300856,科思股份,美容护理
SZ300857,协创数据,消费电子
SZ300858,科拓生物,化学制品
SZ300859,西域旅游,景点及旅游
SZ300860,锋尚文化,专业服务
SZ300861,美畅股份,通用设备
SZ300862,蓝盾光电,环保
SZ300863,卡倍亿,汽车零部件
SZ300864,南大环境,环保
SZ300865,大宏立,专用设备
SZ300866,安克创新,消费电子
SZ300867,圣元环保,环保
SZ300868,杰美特,其他电子
SZ300869,康泰医学,医疗器械
SZ300870,欧陆通,电力设备
SZ300871,回盛生物,农业服务
SZ300872,天阳科技,计算机应用
SZ300873,海晨股份,物流
SZ300875,捷强装备,国防军工
SZ300876,蒙泰高新,化工合成材料
SZ300877,金春股份,纺织制造
SZ300878,维康药业,中药
SZ300879,大叶股份,专用设备
SZ300880,迦南智能,电力设备
SZ300881,盛德鑫泰,钢铁
SZ300882,万胜智能,电力设备
SZ300883,龙利得,包装印刷
SZ300884,狄耐克,计算机设备
SZ300885,海昌新材,通用设备
SZ300886,华业香料,美容护理
SZ300887,谱尼测试,专业服务
SZ300888,稳健医疗,纺织制造
SZ300889,爱克股份,光学光电子
SZ300890,翔丰华,电力设备
SZ300891,惠云钛业,化学原料
SZ300892,品渥食品,食品加工制造
SZ300893,松原股份,汽车零部件
SZ300894,火星人,厨卫电器
SZ300895,铜牛信息,计算机应用
SZ300896,爱美客,美容护理
SZ300897,山科智能,仪器仪表
SZ300898,熊猫乳品,食品加工制造
SZ300899,上海凯鑫,环保
SZ300900,广联航空,国防军工
SZ300901,中胤时尚,服装家纺
SZ300902,国安达,专用设备
SZ300903,科翔股份,半导体及元件
SZ300905,宝丽迪,化学制品
SZ300906,日月明,非汽车交运
SZ300907,康平科技,电力设备
SZ300908,仲景食品,食品加工制造
SZ300909,汇创达,光学光电子
SZ300910,瑞丰新材,化学制品
SZ300911,亿田智能,厨卫电器
SZ300912,凯龙高科,汽车零部件
SZ300913,兆龙互连,通信设备
SZ300915,海融科技,食品加工制造
SZ300916,朗特智能,消费电子
SZ300917,特发服务,房地产服务
SZ300918,南山智尚,服装家纺
SZ300919,中伟股份,电力设备
SZ300920,润阳科技,化工合成材料
SZ300921,南凌科技,通信服务
SZ300922,天秦装备,国防军工
SZ300923,研奥股份,非汽车交运
SZ300925,法本信息,计算机应用
SZ300926,博俊科技,汽车零部件
SZ300927,江天化学,化学原料
SZ300928,华安鑫创,汽车零部件
SZ300929,华骐环保,环保
SZ300930,屹通新材,金属新材料
SZ300931,通用电梯,专用设备
SZ300932,三友联众,电力设备
SZ300933,中辰股份,电力设备
SZ300935,盈建科,计算机应用
SZ300936,中英科技,半导体及元件
SZ300937,药易购,医药商业
SZ300938,信测标准,专业服务
SZ300939,秋田微,光学光电子
SZ300940,南极光,光学光电子
SZ300941,创识科技,计算机设备
SZ300942,易瑞生物,专业服务
SZ300943,春晖智控,通用设备
SZ300945,曼卡龙,家用轻工
SZ300946,恒而达,通用设备
SZ300947,德必集团,零售
SZ300948,冠中生态,环保
SZ300949,奥雅股份,建筑装饰
SZ300950,德固特,专用设备
SZ300951,博硕科技,消费电子
SZ300952,恒辉安防,服装家纺
SZ300953,震裕科技,通用设备
SZ300955,嘉亨家化,美容护理
SZ300956,英力股份,消费电子
SZ300957,贝泰妮,美容护理
SZ300958,建工修复,环保
SZ300959,线上线下,通信服务
SZ300960,通业科技,非汽车交运
SZ300961,深水海纳,环保
SZ300962,中金辐照,专业服务
SZ300963,中洲特材,金属新材料
SZ300964,本川智能,半导体及元件
SZ300965,恒宇信通,国防军工
SZ300966,共同药业,化学制药
SZ300967,晓鸣股份,养殖业
SZ300968,格林精密,消费电子
SZ300969,恒帅股份,汽车零部件
SZ300970,华绿生物,种植业与林业
SZ300971,博亚精工,专用设备
SZ300972,万辰生物,种植业与林业
SZ300973,立高食品,食品加工制造
SZ300975,商络电子,其他电子
SZ300976,达瑞电子,消费电子
SZ300977,深圳瑞捷,建筑装饰
SZ300978,东箭科技,汽车零部件
SZ300979,华利集团,纺织制造
SZ300980,祥源新材,化工合成材料
SZ300981,中红医疗,医疗器械
SZ300982,苏文电能,建筑装饰
SZ300983,尤安设计,建筑装饰
SZ300984,金沃股份,通用设备
SZ300985,致远新能,通用设备
SZ300986,志特新材,工业金属
SZ300987,川网传媒,传媒
SZ300988,津荣天宇,专用设备
SZ300989,蕾奥规划,建筑装饰
SZ300990,同飞股份,通用设备
SZ300991,创益通,其他电子
SZ300992,泰福泵业,通用设备
SZ300993,玉马遮阳,家用轻工
SZ300994,久祺股份,非汽车交运
SZ300995,奇德新材,化工合成材料
SZ300996,普联软件,计算机应用
SZ300997,欢乐家,饮料制造
SZ300998,宁波方正,汽车零部件
SZ300999,金龙鱼,农产品加工
SZ301000,肇民科技,汽车零部件
SZ301001,凯淳股份,互联网电商
SZ301002,崧盛股份,光学光电子
SZ301003,江苏博云,化工合成材料
SZ301004,嘉益股份,家用轻工
SZ301005,超捷股份,汽车零部件
SZ301006,迈拓股份,仪器仪表
SZ301007,德迈仕,汽车零部件
SZ301008,宏昌科技,白色家电
SZ301009,可靠股份,美容护理
SZ301010,晶雪节能,建筑材料
SZ301011,华立科技,专用设备
SZ301012,扬电科技,电力设备
SZ301013,利和兴,专用设备
SZ301015,百洋医药,医药商业
SZ301016,雷尔伟,非汽车交运
SZ301017,漱玉平民,医药商业
SZ301018,申菱环境,通用设备
SZ301019,宁波色母,化工合成材料
SZ301020,密封科技,汽车零部件
SZ301021,英诺激光,自动化设备
SZ301022,海泰科,汽车零部件
SZ301023,江南奕帆,电力设备
SZ301024,霍普股份,建筑装饰
SZ301025,读客文化,传媒
SZ301026,浩通科技,小金属
SZ301027,华蓝集团,建筑装饰
SZ301028,东亚机械,通用设备
SZ301029,怡合达,自动化设备
SZ301030,仕净科技,环保
SZ301031,中熔电气,其他电子
SZ301032,新柴股份,通用设备
SZ301033,迈普医学,医疗器械
SZ301035,润丰股份,化学制品
SZ301036,双乐股份,化学制品
SZ301037,保立佳,化学制品
SZ301038,深水规院,建筑装饰
SZ301039,中集车辆,汽车整车
SZ301040,中环海陆,电力设备
SZ301041,金百泽,半导体及元件
SZ301042,安联锐视,计算机设备
SZ301043,绿岛风,通用设备
SZ301045,天禄科技,光学光电子
SZ301046,能辉科技,建筑装饰
SZ301047,义翘神州,医疗服务
SZ301048,金鹰重工,非汽车交运
SZ301049,超越科技,环保
SZ301050,雷电微力,国防军工
SZ301051,信濠光电,消费电子
SZ301052,果麦文化,传媒
SZ301053,远信工业,专用设备
SZ301055,张小泉,家用轻工
SZ301056,森赫股份,专用设备
SZ301057,汇隆新材,化工合成材料
SZ301058,中粮工科,建筑装饰
SZ301059,金三江,美容护理
SZ301060,兰卫医学,医疗服务
SZ301061,匠心家居,家用轻工
SZ301062,上海艾录,包装印刷
SZ301063,海锅股份,电力设备
SZ301065,本立科技,化学制药
SZ301066,万事利,纺织制造
SZ301067,显盈科技,消费电子
SZ301068,大地海洋,环保
SZ301069,凯盛新材,化学原料
SZ301070,开勒股份,通用设备
SZ301071,力量钻石,非金属材料
SZ301072,中捷精工,汽车零部件
SZ301073,君亭酒店,酒店及餐饮
SZ301075,多瑞医药,化学制药
SZ301076,新瀚新材,化学制品
SZ301077,星华反光,化学制品
SZ301078,孩子王,零售
SZ301079,邵阳液压,专用设备
SZ301080,百普赛斯,医疗服务
SZ301081,严牌股份,环保
SZ301082,久盛电气,电力设备
SZ301083,百胜智能,通用设备
SZ301085,亚康股份,计算机应用
SZ301086,鸿富瀚,消费电子
SZ301087,可孚医疗,医疗器械
SZ301088,戎美股份,服装家纺
SZ301089,拓新药业,化学制药
SZ301090,华润材料,化学制品
SZ301091,深城交,建筑装饰
SZ301092,争光股份,化工合成材料
SZ301093,华兰股份,医疗器械
SZ301096,百诚医药,医疗服务
SZ301097,天益医疗,医疗器械
SZ301098,金埔园林,建筑装饰
SZ301099,雅创电子,其他电子
SZ301100,风光股份,化学制品
SZ301101,明月镜片,家用轻工
SZ301102,兆讯传媒,传媒
SZ301103,何氏眼科,医疗服务
SZ301106,骏成科技,光学光电子
SZ301107,瑜欣电子,通用设备
SZ301108,洁雅股份,美容护理
SZ301109,军信股份,环保
SZ301110,青木股份,互联网电商
SZ301111,粤万年青,中药
SZ301112,信邦智能,自动化设备
SZ301113,雅艺科技,家用轻工
SZ301116,益客食品,食品加工制造
SZ301117,佳缘科技,计算机设备
SZ301118,恒光股份,化学原料
SZ301119,正强股份,汽车零部件
SZ301120,新特电气,电力设备
SZ301122,采纳股份,医疗器械
SZ301123,奕东电子,消费电子
SZ301125,腾亚精工,通用设备
SZ301126,达嘉维康,医药商业
SZ301127,天源环保,环保
SZ301128,强瑞技术,专用设备
SZ301129,瑞纳智能,仪器仪表
SZ301130,西点药业,化学制药
SZ301131,聚赛龙,化工合成材料
SZ301133,金钟股份,汽车零部件
SZ301135,瑞德智能,消费电子
SZ301136,招标股份,建筑装饰
SZ301137,哈焊华通,通用设备
SZ301138,华研精机,专用设备
SZ301139,N元道,通信服务
SZ301148,嘉戎技术,环保
SZ301149,隆华新材,化学制品
SZ301150,中一科技,工业金属
SZ301151,冠龙节能,通用设备
SZ301153,中科江南,计算机应用
SZ301155,海力风电,电力设备
SZ301156,美农生物,化学制品
SZ301158,德石股份,专用设备
SZ301159,三维天地,计算机应用
SZ301160,翔楼新材,钢铁
SZ301162,国能日新,计算机应用
SZ301163,宏德股份,通用设备
SZ301166,优宁维,医疗服务
SZ301167,建研设计,建筑装饰
SZ301168,通灵股份,电力设备
SZ301169,零点有数,专业服务
SZ301175,N中科环,环保
SZ301177,迪阿股份,家用轻工
SZ301178,天亿马,计算机应用
SZ301179,泽宇智能,电力设备
SZ301180,万祥科技,消费电子
SZ301181,标榜股份,汽车零部件
SZ301182,凯旺科技,消费电子
SZ301183,东田微,光学光电子
SZ301185,鸥玛软件,计算机应用
SZ301186,超达装备,汽车零部件
SZ301187,欧圣电气,小家电
SZ301188,力诺特玻,家用轻工
SZ301189,奥尼电子,消费电子
SZ301190,善水科技,化学制品
SZ301191,菲菱科思,通信设备
SZ301193,家联科技,家用轻工
SZ301196,唯科科技,化工合成材料
SZ301198,喜悦智行,包装印刷
SZ301199,迈赫股份,自动化设备
SZ301200,大族数控,自动化设备
SZ301201,诚达药业,医疗服务
SZ301206,三元生物,化学制品
SZ301207,华兰疫苗,生物制品
SZ301208,C中亦,计算机应用
SZ301211,亨迪药业,化学制药
SZ301212,联盛化学,化学制品
SZ301213,观想科技,国防军工
SZ301215,中汽股份,汽车服务
SZ301216,万凯新材,化学制品
SZ301217,铜冠铜箔,工业金属
SZ301218,华是科技,计算机应用
SZ301219,腾远钴业,小金属
SZ301220,亚香股份,化学制品
SZ301221,光庭信息,汽车零部件
SZ301222,浙江恒威,电力设备
SZ301226,祥明智能,电力设备
SZ301228,实朴检测,专业服务
SZ301229,纽泰格,汽车零部件
SZ301233,C盛帮,汽车零部件
SZ301234,C五洲,医疗器械
SZ301235,华康医疗,医疗服务
SZ301236,软通动力,计算机应用
SZ301237,和顺科技,化工合成材料
SZ301238,瑞泰新材,电力设备
SZ301239,C普瑞,医疗服务
SZ301248,杰创智能,计算机应用
SZ301256,华融化学,化学原料
SZ301257,普蕊斯,医疗服务
SZ301258,富士莱,化学制药
SZ301259,艾布鲁,环保
SZ301263,泰恩康,化学制药
SZ301266,宇邦新材,电力设备
SZ301268,铭利达,通用设备
SZ301279,金道科技,专用设备
SZ301286,侨源股份,化学制品
SZ301288,清研环境,环保
SZ301289,国缆检测,专业服务
SZ301298,东利机械,汽车零部件
SZ301302,华如科技,国防军工
SZ301312,智立方,自动化设备
SH600078,*ST澄星,化学制品
SH600083,*ST博信,综合
SH600112,*ST天成,电力设备
SH600122,ST宏图,零售
SH600136,ST明诚,其他社会服务
SH600139,*ST西源,保险及其他
SH600182,S*ST佳通,汽车零部件
SH600191,*ST华资,农产品加工
SH600221,ST海航,机场航运
SH600226,ST瀚叶,电力
SH600239,ST云城,房地产开发
SH600241,ST时万,电力设备
SH600242,*ST中昌,传媒
SH600260,*ST凯乐,通信设备
SH600265,*ST景谷,种植业与林业
SH600289,ST信通,通信服务
SH600290,ST华仪,电力设备
SH600303,ST曙光,汽车整车
SH600306,ST商城,零售
SH600311,*ST荣华,贵金属
SH600365,ST通葡,零售
SH600382,ST广珠,钢铁
SH600387,ST海越,石油加工贸易
SH600388,ST龙净,环保
SH600462,ST九有,传媒
SH600515,ST基础,机场航运
SH600518,ST康美,中药
SH600532,*ST未来,贸易
SH600568,ST中珠,医疗服务
SH600589,ST榕泰,化工合成材料
SH600599,ST熊猫,家用轻工
SH600601,*ST方科,半导体及元件
SH600608,ST沪科,贸易
SH600615,*ST丰华,小金属
SH600654,*ST中安,计算机应用
SH600666,*ST瑞德,光学光电子
SH600671,ST目药,中药
SH600719,ST热电,电力
SH600726,*ST华源,电力
SH600734,ST实达,通信设备
SH600759,ST洲际,油气开采及服务
SH600766,*ST园城,综合
SH600767,*ST运盛,计算机应用
SH600781,*ST辅仁,化学制药
SH600804,ST鹏博士,通信服务
SH600816,ST安信,保险及其他
SH603007,ST花王,建筑装饰
SH603039,ST泛微,计算机应用
SH603117,ST万林,物流
SH603557,ST起步,服装家纺
SH603603,*ST博天,环保
SH688086,*ST紫晶,计算机设备
SH688309,*ST恒誉,环保
